,rank,uri,artist_names,track_name,source,peak_rank,previous_rank,weeks_on_chart,streams,ID,compound,neg,neu,pos
0,1,spotify:track:0qxLQ6opocOGyFnlXqJ53x,"Mc Davi, Mc Pedrinho, Mc Don Juan",Bipolar,GR6 Music,1,1,7,6768566,0qxLQ6opocOGyFnlXqJ53x,0.0,0.0,1.0,0.0
1,2,spotify:track:4wQUopWk9Ed7Ng5qpKN5qd,"Dj Guuga, DJ Ivis","Volta Bebê, Volta Neném",GR6 Music,2,2,9,6061259,4wQUopWk9Ed7Ng5qpKN5qd,0.0,0.0,1.0,0.0
2,3,spotify:track:2MZQAvsA7aZDssppBLRxYp,Israel & Rodolffo,Batom de Cereja - Ao Vivo,Som Livre,1,3,18,5284406,2MZQAvsA7aZDssppBLRxYp,-0.7757,0.03,0.97,0.0
3,4,spotify:track:4llr8mcoauwrHBtjGb7F9S,MC Kevin o Chris,Tipo Gin - Ao Vivo,MC Kevin o Chris,4,4,7,5100164,4llr8mcoauwrHBtjGb7F9S,0.296,0.033,0.937,0.03
4,5,spotify:track:5R9KPXQVeyqsHZoPLMgfNy,"Matheus Fernandes, Dilsinho",Baby Me Atende,Som Livre,5,10,11,4615740,5R9KPXQVeyqsHZoPLMgfNy,0.8402,0.0,0.976,0.024
5,6,spotify:track:3HquWF2pZmWYu3WAEP9Heb,"Fernando & Sorocaba, Tarcísio do Acordeon",Só Não Divulga,Sony Music Entertainment,6,9,15,4502588,3HquWF2pZmWYu3WAEP9Heb,0.0,0.0,1.0,0.0
6,7,spotify:track:2QLbRVzixE282JSQjBz2DG,"Alok, Mc Don Juan, Dj GBR",Liberdade (Quando o Grave Bate Forte),GR6 Music,3,5,10,4454338,2QLbRVzixE282JSQjBz2DG,-0.9766,0.106,0.894,0.0
7,8,spotify:track:2Gjt4rUHBUH0rMKpBg0hF4,"Malu, DJ Lucas Beat",Disco Arranhado - Funk Remix,Essaéhit,2,6,14,4341959,2Gjt4rUHBUH0rMKpBg0hF4,0.9818,0.042,0.835,0.123
8,9,spotify:track:7IG7laqVpcvIIULrwWP5SA,"Mc Poze do Rodo, Neo Beats, Mainstreet",Vida Louca,Mainstreet Records,7,7,10,4261446,7IG7laqVpcvIIULrwWP5SA,-0.5267,0.03,0.952,0.018
9,10,spotify:track:4ZtFanR9U6ndgddUvNcjcG,Olivia Rodrigo,good 4 u,Olivia Rodrigo PS,7,8,4,4199101,4ZtFanR9U6ndgddUvNcjcG,0.9987,0.063,0.67,0.267
10,11,spotify:track:6HV630GY0GT3RN2efFRmbP,Jorge & Mateus,Troca,Som Livre,11,16,7,4147678,6HV630GY0GT3RN2efFRmbP,0.0,0.0,1.0,0.0
11,12,spotify:track:2SUPbyD77tJuOUbqbxct6l,"Os Barões Da Pisadinha, Jorge",Quero Ver é Me Esquecer (feat. Jorge) - Ao Vivo,Sony Music Entertainment,7,12,16,3928759,2SUPbyD77tJuOUbqbxct6l,0.0,0.0,1.0,0.0
12,13,spotify:track:17UfXrL7Run3GyZJW4uRjC,Jorge & Mateus,Paradigmas,Som Livre,7,11,20,3869562,17UfXrL7Run3GyZJW4uRjC,-0.4871,0.052,0.919,0.029
13,14,spotify:track:58pgi1RpcU2fVJsxhm7BIr,Raí Saia Rodada,Tapão Na Raba,Som Livre,1,13,19,3677790,58pgi1RpcU2fVJsxhm7BIr,-0.6808,0.072,0.896,0.033
14,15,spotify:track:7Kba4OaxQFQ1zlknQUpNqN,"Israel & Rodolffo, Wesley Safadão",Faz Amor Comigo Só Hoje - Ao Vivo,Som Livre,15,35,2,3576186,7Kba4OaxQFQ1zlknQUpNqN,0.9963,0.021,0.776,0.204
15,16,spotify:track:5AhnPqydkYbZAp4NkyJ7ED,"PEDRO SAMPAIO, Luísa Sonza",ATENÇÃO,WM Brazil,16,18,4,3573865,5AhnPqydkYbZAp4NkyJ7ED,-0.8787,0.102,0.823,0.075
16,17,spotify:track:7EWXP47VlXKO3r7mNxuWHw,"Wesley Safadão, Os Barões Da Pisadinha","Ele É Ele, Eu Sou Eu",Som Livre,1,14,30,3442871,7EWXP47VlXKO3r7mNxuWHw,-0.3331,0.023,0.958,0.019
17,18,spotify:track:1ere9b9vDw2N3m9d4uiXxa,"Diego & Victor Hugo, Bruno & Marrone",Facas - Ao Vivo,Sony Music Entertainment,3,15,34,3399587,1ere9b9vDw2N3m9d4uiXxa,0.0,0.0,1.0,0.0
18,19,spotify:track:3lJ8BcGM1ROQ1ufneU3Qya,Th CDM,Preta do Cabelo Cacheado,PHproduções,14,17,12,3140252,3lJ8BcGM1ROQ1ufneU3Qya,0.0,0.0,1.0,0.0
19,20,spotify:track:3ODFNdnvb3EwcXk6DI6tGA,Wesley Safadão,Passatempo,Som Livre,20,20,5,2991068,3ODFNdnvb3EwcXk6DI6tGA,-0.6189,0.017,0.983,0.0
20,21,spotify:track:1HoapWs5KcMzs8QYdgg9Kt,"Xand Avião, DJ Ivis, Mc Danny",Não Pode Se Apaixonar,Som Livre,11,19,15,2881789,1HoapWs5KcMzs8QYdgg9Kt,0.3313,0.021,0.964,0.015
21,22,spotify:track:5gTgQBtNP08fUijxpEgmzF,Matheus & Kauan,É Problema,Universal Music Ltda.,19,22,30,2790313,5gTgQBtNP08fUijxpEgmzF,-0.1591,0.015,0.971,0.013
22,23,spotify:track:7vCvUJyjMxRkPeo19nxmuk,Hugo & Guilherme,Coração Na Cama - Ao Vivo,Som Livre,5,23,28,2677637,7vCvUJyjMxRkPeo19nxmuk,0.0,0.0,1.0,0.0
23,24,spotify:track:1h4u5t0EJZki8ieNGwwFXc,Zé Vaqueiro,Volta Comigo BB,Sony Music Entertainment,22,26,14,2667899,1h4u5t0EJZki8ieNGwwFXc,0.782,0.0,0.968,0.032
24,25,spotify:track:0x0V1IID2Sj902k6LzuWds,Mc Livinho,Ela é Espetacular (Mulher Kama Sutra 2),Diamond,25,25,9,2664944,0x0V1IID2Sj902k6LzuWds,-0.8886,0.028,0.972,0.0
25,26,spotify:track:0e6NlGJxYlHvAN8SKxad7N,"DJ Ivis, Tarcísio do Acordeon",Esquema Preferido (feat. Tarcísio do Acordeon),Sony Music Entertainment,1,21,21,2651808,0e6NlGJxYlHvAN8SKxad7N,-0.7622,0.022,0.978,0.0
26,27,spotify:track:4AAIAVjSyiq1N7SXKkwXZe,Marília Mendonça,Troca de Calçada,Som Livre,7,27,19,2538489,4AAIAVjSyiq1N7SXKkwXZe,0.0,0.0,1.0,0.0
27,28,spotify:track:0DlHQxrVijRqVUfuS6PKaY,"DENNIS, Xamã, LUDMILLA",Deixa de Onda (Porra Nenhuma),Sony Music Entertainment,17,31,20,2525918,0DlHQxrVijRqVUfuS6PKaY,0.0,0.0,1.0,0.0
28,29,spotify:track:67BtfxlNbhBmCDR2L2l8qd,Lil Nas X,MONTERO (Call Me By Your Name),Columbia,15,32,11,2443015,67BtfxlNbhBmCDR2L2l8qd,-0.7321,0.096,0.801,0.102
29,30,spotify:track:5uztIMqjl5FTZSYDlOBJjV,Simone & Simaria,Foi Pá Pum,Universal Music Ltda.,13,28,28,2435719,5uztIMqjl5FTZSYDlOBJjV,0.9537,0.021,0.913,0.066
30,31,spotify:track:6AMTUbWihFZOwOeHxZN2Ge,Vitor Fernandes,Vou falar que não quero,Sua Música,29,34,15,2428024,6AMTUbWihFZOwOeHxZN2Ge,0.1531,0.038,0.927,0.035
31,32,spotify:track:0wRn3ggAY1fIupTaVigdza,"Mc Poze do Rodo, Bielzin, Mainstreet, MC Cabelinho, PL Quest, Neo Beats",A Cara do Crime (Nós Incomoda),Mainstreet Records,32,66,2,2382185,0wRn3ggAY1fIupTaVigdza,-0.9856,0.056,0.944,0.0
32,33,spotify:track:2pBEAodCImE4LgbKAG4bfz,"Bruno & Marrone, Wesley Safadão",Último Beijo,Worldshow Promoções e Eventos,14,33,27,2362685,2pBEAodCImE4LgbKAG4bfz,0.9517,0.0,0.941,0.059
33,34,spotify:track:6HU7h9RYOaPRFeh0R3UeAr,Olivia Rodrigo,deja vu,Olivia Rodrigo PS,24,30,10,2357142,6HU7h9RYOaPRFeh0R3UeAr,0.9912,0.026,0.833,0.14
34,35,spotify:track:4Ls13Ag4SWnniiX4QLRltL,Vitor Fernandes,Acaso,Sua Música,13,36,18,2337935,4Ls13Ag4SWnniiX4QLRltL,0.25,0.0,0.991,0.009
35,36,spotify:track:3ydmNkAyYq0AKtG8sTfE9P,VMZ,Plutão,1023232 Records DK,36,52,3,2259070,3ydmNkAyYq0AKtG8sTfE9P,0.9388,0.014,0.942,0.044
36,37,spotify:track:6pQKUKBpwr6GhfhcFFFozo,"MC Zaquin, MC Rick",Não Nasceu pra Namorar,Funk Explode Records,37,69,13,2257101,6pQKUKBpwr6GhfhcFFFozo,-0.296,0.007,0.993,0.0
37,38,spotify:track:1EHFiKkrppC5kXImn8LFBr,Zé Vaqueiro,Cadê o Amor,Sony Music Entertainment,38,48,5,2241091,1EHFiKkrppC5kXImn8LFBr,0.9882,0.0,0.857,0.143
38,39,spotify:track:1mQOFRDoqI34LdN79PE0vH,MC Zaquin,Ô Moça,Funk Explode Records,25,39,19,2201835,1mQOFRDoqI34LdN79PE0vH,-0.8883,0.072,0.905,0.023
39,40,spotify:track:1a17gIb57XhPj2CMbqYABw,Hugo & Guilherme,Pingo de Dó - Ao Vivo,Som Livre,40,51,6,2147010,1a17gIb57XhPj2CMbqYABw,-0.9974,0.057,0.937,0.006
40,41,spotify:track:5glMxRMRHGBRj6bydBjoPM,"PEDRO SAMPAIO, Daniel Caon, Wesley Safadão",FALA MAL DE MIM,WM Brazil,13,29,19,2011086,5glMxRMRHGBRj6bydBjoPM,-0.765,0.025,0.967,0.008
41,42,spotify:track:5wANPM4fQCJwkGd4rN57mH,Olivia Rodrigo,drivers license,Olivia Rodrigo PS,25,42,22,1930518,5wANPM4fQCJwkGd4rN57mH,0.6398,0.114,0.772,0.114
42,43,spotify:track:1JHvLQWHUoYuapwQikeDuD,"Jonas Esticado, Gusttavo Lima",Ele Não Tem,Som Livre,24,45,31,1896146,1JHvLQWHUoYuapwQikeDuD,0.9847,0.013,0.895,0.093
43,44,spotify:track:2bgTY4UwhfBYhGT4HUYStN,BTS,Butter,BIGHIT MUSIC,17,37,3,1867715,2bgTY4UwhfBYhGT4HUYStN,0.9954,0.052,0.769,0.179
44,45,spotify:track:5JCoSi02qi3jJeHdZXMmR8,Olivia Rodrigo,favorite crime,Olivia Rodrigo PS,45,58,3,1845876,5JCoSi02qi3jJeHdZXMmR8,0.2625,0.149,0.68,0.17
45,46,spotify:track:5CZ40GBx1sQ9agT82CLQCT,Olivia Rodrigo,traitor,Olivia Rodrigo PS,42,47,3,1844864,5CZ40GBx1sQ9agT82CLQCT,0.5759,0.165,0.657,0.178
46,47,spotify:track:6m187iACTSAZDYMaV0klqj,L7NNON,Freio da Blazer,Papatunes,38,50,18,1784213,6m187iACTSAZDYMaV0klqj,0.3736,0.024,0.945,0.031
47,48,spotify:track:07AQkmp456NpEnT8HR7WLy,"Teto, Matuê",M4,30PRAUM,6,46,25,1761558,07AQkmp456NpEnT8HR7WLy,0.5908,0.058,0.889,0.053
48,49,spotify:track:5H25WPPytKQcMfIPu0oEBO,"Dj Serpinha, MC 2jhow",Espirra o Lança,2click,32,40,11,1755970,5H25WPPytKQcMfIPu0oEBO,-0.7599,0.025,0.975,0.0
49,50,spotify:track:6zsEKAZZulmsl1Qlw5G3EX,NATTAN,Morena,Nattan,50,59,5,1755291,6zsEKAZZulmsl1Qlw5G3EX,0.6966,0.031,0.921,0.048
50,51,spotify:track:2AzBHIVlSYb0fx8zHWQIgl,IZA,Gueto,WM Brazil,51,-1,1,1745717,2AzBHIVlSYb0fx8zHWQIgl,-0.9042,0.092,0.86,0.047
51,52,spotify:track:5m5aY6S9ttfIG157xli2Rs,Zé Neto & Cristiano,Alô Ambev (Segue Sua Vida) - Ao Vivo,Som Livre,4,38,41,1740609,5m5aY6S9ttfIG157xli2Rs,0.0,0.0,1.0,0.0
52,53,spotify:track:1oIqP923yBKV45IaXm5s14,"Os Barões Da Pisadinha, Maiara & Maraisa",Zero Saudade - Ao Vivo,Sony Music Entertainment,53,56,3,1719749,1oIqP923yBKV45IaXm5s14,0.7088,0.016,0.954,0.03
53,54,spotify:track:000RW47rhEkSqjgTrZx7YX,Jorge & Mateus,Lance Individual,Som Livre,4,49,30,1692428,000RW47rhEkSqjgTrZx7YX,-0.9034,0.047,0.953,0.0
54,55,spotify:track:6sPBi0qLI6KM3yXX56NxsA,Tarcísio do Acordeon,Meia Noite (Você tem meu Whatsapp),Sua Música,1,41,27,1672408,6sPBi0qLI6KM3yXX56NxsA,0.9769,0.02,0.896,0.084
55,56,spotify:track:6vnKRiOjUjYT59xl4awHTx,Guilherme & Benuto,Sigilo - Ao Vivo,Sony Music Entertainment,41,43,12,1658059,6vnKRiOjUjYT59xl4awHTx,0.4753,0.024,0.928,0.047
56,57,spotify:track:40zJaB3z53PGaxIkYyieBP,"Israel & Rodolffo, MC Matheuzinho",Só de Sacanagem - Ao Vivo,Som Livre,17,24,19,1626295,40zJaB3z53PGaxIkYyieBP,0.9274,0.029,0.864,0.106
57,58,spotify:track:2plRom0urixt6BE8t7kOhQ,Anitta,Girl From Rio,Warner Records,14,44,6,1544991,2plRom0urixt6BE8t7kOhQ,0.9997,0.044,0.626,0.33
58,59,spotify:track:2xlw13Ns5yz9XZGtfnpPN9,"Eric Land, Tarcísio do Acordeon",Esqueceu Foi Porra,Eric Land,40,55,12,1538973,2xlw13Ns5yz9XZGtfnpPN9,0.0,0.0,1.0,0.0
59,60,spotify:track:0WlmiIK5qFQ4dAB4mCA4sI,"Os Barões Da Pisadinha, Fernando & Sorocaba",Amor da Despedida,Sony Music Entertainment,9,54,31,1528572,0WlmiIK5qFQ4dAB4mCA4sI,0.9971,0.0,0.783,0.217
60,61,spotify:track:66HWIQEq6xO0IZ47AHrybG,Diego & Victor Hugo,Desbloqueado - Ao Vivo,Sony Music Entertainment,61,61,4,1478683,66HWIQEq6xO0IZ47AHrybG,0.0,0.0,1.0,0.0
61,62,spotify:track:0QglpM23kl9ldvVdoYNZwF,"Kawe, Mc Lele JP",Mds,OQProduções,3,57,24,1463321,0QglpM23kl9ldvVdoYNZwF,-0.5848,0.022,0.966,0.012
62,63,spotify:track:68cPbG7hJnwDW9nPX1uQcX,"BIN, Mainstreet, Ajaxx",Saturno,Mainstreet Records,26,62,22,1426921,68cPbG7hJnwDW9nPX1uQcX,0.9994,0.075,0.814,0.111
63,64,spotify:track:37BZB0z9T8Xu7U3e65qxFy,"The Weeknd, Ariana Grande",Save Your Tears (with Ariana Grande) (Remix),Republic Records,46,63,7,1422072,37BZB0z9T8Xu7U3e65qxFy,0.8606,0.054,0.872,0.074
64,65,spotify:track:7MAibcTli4IisCtbHKrGMh,"Bruno Mars, Anderson .Paak, Silk Sonic",Leave The Door Open,Aftermath Entertainment/Atlantic,52,67,14,1414241,7MAibcTli4IisCtbHKrGMh,0.9965,0.042,0.806,0.152
65,66,spotify:track:4iJyoBOLtHqaGxP12qzhQI,"Justin Bieber, Daniel Caesar, Giveon",Peaches (feat. Daniel Caesar & Giveon),RBMG/Def Jam,33,60,12,1411429,4iJyoBOLtHqaGxP12qzhQI,0.9907,0.046,0.838,0.117
66,67,spotify:track:6Lrzxd7ST5oQ6FYKXKH7Ia,"Matheus & Kauan, Zé Vaqueiro",Vagabundo,Universal Music Ltda.,67,97,3,1403810,6Lrzxd7ST5oQ6FYKXKH7Ia,0.6808,0.02,0.943,0.037
67,68,spotify:track:3O9i9fpKuzebZezXUwJh69,"MC Meno K, MC Yuri",Vou Te Botar,Resumo Produtora,68,159,2,1342327,3O9i9fpKuzebZezXUwJh69,0.8957,0.009,0.945,0.047
68,69,spotify:track:0Ve3XWcrsgy90xo0UL2syx,"Mc Don Juan, Th CDM, DG e Batidão Stronda",Preta do Cabelo Cacheado,GR6 Music,48,65,8,1335244,0Ve3XWcrsgy90xo0UL2syx,0.0,0.0,1.0,0.0
69,70,spotify:track:1uA7fD01YlQr1Rm0oyNB4H,Guilherme & Benuto,Pulei na Piscina - Ao Vivo,Sony Music Entertainment,14,64,42,1333552,1uA7fD01YlQr1Rm0oyNB4H,0.8516,0.0,0.97,0.03
70,71,spotify:track:0YqTL3nSL36OFdHwHoqCag,"Luísa Sonza, Pabllo Vittar, Anitta",MODO TURBO,Universal Music Ltda.,2,68,25,1322906,0YqTL3nSL36OFdHwHoqCag,-0.9796,0.114,0.849,0.037
71,72,spotify:track:56F3ngwk3a42aLY0o5QgBF,Gusttavo Lima,Fala Comigo - Ao Vivo,Sony Music Entertainment,23,53,18,1302479,56F3ngwk3a42aLY0o5QgBF,0.8948,0.0,0.948,0.052
72,73,spotify:track:6fe5D0ivKnpXFMAnoSRjah,"Vitor e Luan, Henrique & Juliano",Localiza Aí BB,Vitor & Luan,66,70,17,1302123,6fe5D0ivKnpXFMAnoSRjah,-0.5267,0.021,0.979,0.0
73,74,spotify:track:6UelLqGlWMcVH1E5c4H7lY,Harry Styles,Watermelon Sugar,Columbia,27,75,70,1298592,6UelLqGlWMcVH1E5c4H7lY,0.9584,0.0,0.912,0.088
74,75,spotify:track:4DWKtQVURjepn8uzBgmwuv,Mc Kevin,Doutora 3,GR6 Music,75,82,3,1268338,4DWKtQVURjepn8uzBgmwuv,-0.9274,0.057,0.943,0.0
75,76,spotify:track:5nujrmhLynf4yMoMtj8AQF,"Dua Lipa, DaBaby",Levitating (feat. DaBaby),Warner Records,59,77,24,1264651,5nujrmhLynf4yMoMtj8AQF,0.8945,0.099,0.796,0.106
76,77,spotify:track:2tGvwE8GcFKwNdAXMnlbfl,Olivia Rodrigo,happier,Olivia Rodrigo PS,62,89,3,1256723,2tGvwE8GcFKwNdAXMnlbfl,0.9989,0.123,0.527,0.35
77,78,spotify:track:7yjduLSgPntFlq79Cuzrfz,Zé Vaqueiro,Eu Tenho Medo,Sony Music Entertainment,43,73,33,1245985,7yjduLSgPntFlq79Cuzrfz,0.8516,0.0,0.957,0.043
78,79,spotify:track:0VjIjW4GlUZAMYd2vXMi3b,The Weeknd,Blinding Lights,Republic Records,25,78,75,1242806,0VjIjW4GlUZAMYd2vXMi3b,0.0,0.0,1.0,0.0
79,80,spotify:track:15k1TDabqSEmyXOwMq9RM7,Jonas Esticado,Investe Em Mim,Som Livre,1,71,50,1223015,15k1TDabqSEmyXOwMq9RM7,0.0,0.0,1.0,0.0
80,81,spotify:track:7lJoRyuNJtuiqTcKtuMuIR,MC Hariel,Maçã Verde,GR6 Music,11,80,31,1215119,7lJoRyuNJtuiqTcKtuMuIR,0.0,0.0,1.0,0.0
81,82,spotify:track:2JTir3y1VuJQmexiTCMcTP,Os Barões Da Pisadinha,Recairei - Ao Vivo,Sony Music Entertainment,1,74,56,1209945,2JTir3y1VuJQmexiTCMcTP,0.8555,0.0,0.898,0.102
82,83,spotify:track:4VBhrKEJ9nWzaiyhM5L9ic,Nadson O Ferinha,Na Ponta do Pé - Brega Funk,Diamond,64,72,7,1204719,4VBhrKEJ9nWzaiyhM5L9ic,0.0,0.0,1.0,0.0
83,84,spotify:track:68qqVn5kHBv4zc45SDGLnh,"Filipe Ret, L7NNON, Chris Beats Zn",Corte Americano,Som Livre,84,94,7,1186925,68qqVn5kHBv4zc45SDGLnh,-0.8779,0.036,0.964,0.0
84,85,spotify:track:7xi4XR5EIOU6OHdIydLMjT,"Murilo Huff, Jorge",Uma Ex (Ao Vivo),Artinvox,65,100,18,1180136,7xi4XR5EIOU6OHdIydLMjT,0.0,0.0,1.0,0.0
85,86,spotify:track:3yNHwvq8n95NJTBILYEciD,"MC Zaquin, Dj Wesley Gonzaga",Ei Tudo Bem,Universal Music Ltda.,86,120,5,1155904,3yNHwvq8n95NJTBILYEciD,0.0,0.0,1.0,0.0
86,87,spotify:track:2ASs0n7ukfyxAxDtdir4vF,"MC Luan da BS, Mc Vitin do LJ, MC Marley",Privilégio,Funk Explode,29,84,27,1153832,2ASs0n7ukfyxAxDtdir4vF,0.0,0.0,1.0,0.0
87,88,spotify:track:2Xgc216OMnc9PyUalpaSPc,"MC 2jhow, MC Fahah, Mc Rennan, Dj Nbeat",Mtg - Vem Sentando Vem (feat. Dj Nbeat) - Remix,Soull Music BR / De Verdade Entretenimento / MR10 Produtora / Love Funk / Lancinho Filmes,39,83,22,1143089,2Xgc216OMnc9PyUalpaSPc,0.0,0.0,1.0,0.0
88,89,spotify:track:6SRsiMl7w1USE4mFqrOhHC,Olivia Rodrigo,brutal,Olivia Rodrigo PS,48,76,3,1119635,6SRsiMl7w1USE4mFqrOhHC,-0.9743,0.248,0.557,0.195
89,90,spotify:track:0MMyJUC3WNnFS1lit5pTjk,Olivia Rodrigo,"jealousy, jealousy",Olivia Rodrigo PS,69,101,3,1106227,0MMyJUC3WNnFS1lit5pTjk,-0.9103,0.182,0.658,0.16
90,91,spotify:track:7uXQAiHezf6VR7txWkS86Q,Mc Kevin,Cavalo de Tróia,GR6 Music,61,79,5,1098146,7uXQAiHezf6VR7txWkS86Q,-0.7579,0.027,0.973,0.0
91,92,spotify:track:748mdHapucXQri7IAO8yFK,"Doja Cat, SZA",Kiss Me More (feat. SZA),Kemosabe Records/RCA Records,83,88,9,1086738,748mdHapucXQri7IAO8yFK,0.6933,0.079,0.836,0.085
92,93,spotify:track:0eoMMLrWtXbLk64baeESkc,"Marcos & Belutti, Jorge & Mateus",Tudo Indica (feat. Jorge & Mateus) - Ao Vivo,Sony Music Entertainment,20,81,39,1085284,0eoMMLrWtXbLk64baeESkc,0.6808,0.013,0.962,0.025
93,94,spotify:track:6bgZv4VkqjBIS2vawz3RsU,"POCAH, MC WM",Nem On Nem Off,WM Brazil,92,92,4,1057130,6bgZv4VkqjBIS2vawz3RsU,0.9887,0.0,0.925,0.075
94,95,spotify:track:1iBMex2uCm0T0y70zsJklT,Pabllo Vittar,Ama Sofre Chora,Sony Music Entertainment,41,87,5,1053731,1iBMex2uCm0T0y70zsJklT,0.6124,0.0,0.98,0.02
95,96,spotify:track:2p04GXqx4j9sggMTFJpEBa,"Mc Rennan, DJ Braga Oficial",Cai de vagarinho até embaixo,MR10 PRODUTORA,31,85,15,1047792,2p04GXqx4j9sggMTFJpEBa,0.0,0.0,1.0,0.0
96,97,spotify:track:5ra6CI0pEzqjxPEZeBz0d7,Hungria Hip Hop,Amor e Fé - Acústico,Hungria Hip Hop,22,93,42,1034884,5ra6CI0pEzqjxPEZeBz0d7,0.9895,0.008,0.923,0.069
97,98,spotify:track:132wAeR05o10R9iSjA1XAE,"DJ GRZS, Mc Marofa, Mc Fazano, Mc Mero RF",Eu Sou O Mestre Dos Magos,DJ GRZS,98,123,3,1032777,132wAeR05o10R9iSjA1XAE,0.0,0.0,1.0,0.0
98,99,spotify:track:3cVF2ot6YuCD0RQY302gNz,"NATTAN, Zé Vaqueiro",Não Te Quero,VYBBE,91,91,17,1027959,3cVF2ot6YuCD0RQY302gNz,0.9081,0.028,0.902,0.069
99,100,spotify:track:6juD9PQwAPvuXYIAE2gjhO,Henrique & Juliano,Volta Por Baixo - Ao Vivo,Virgin Music Label And Artist Services (S&D),3,96,74,1020816,6juD9PQwAPvuXYIAE2gjhO,0.9798,0.0,0.907,0.093
100,101,spotify:track:2dcYBsq0wTqkJIlfNMGfrR,"Tz da Coronel, DJ PurpleRain.REC",Trajado de Glock Ela Joga na Cara,Purple Rain Records,67,86,7,1018347,2dcYBsq0wTqkJIlfNMGfrR,0.0,0.0,1.0,0.0
101,102,spotify:track:3rRin3LyLY92kpEbkCgwf4,"Os Barões Da Pisadinha, Xand Avião",Basta Você Me Ligar - Ao Vivo,Sony Music Entertainment,3,90,51,1009175,3rRin3LyLY92kpEbkCgwf4,0.0,0.0,1.0,0.0
102,103,spotify:track:0GTPmh5G40joBg93vcSQNq,"Alok, Ilkay Sencan, Tove Lo",Don't Say Goodbye (feat. Tove Lo),Columbia/B1 Recordings,74,107,35,1007995,0GTPmh5G40joBg93vcSQNq,0.1177,0.086,0.831,0.084
103,104,spotify:track:7J3QMuDCSv56jRSiD9jFBF,"Eric Land, Xand Avião",Cidade Inteira,Eric Land,6,95,48,1007519,7J3QMuDCSv56jRSiD9jFBF,0.9943,0.0,0.84,0.16
104,105,spotify:track:4zsiMjB0794HztyqUkD3Zi,"Dilsinho, Henrique & Juliano",Sogra - Ao Vivo,Sony Music Entertainment,6,98,53,1005596,4zsiMjB0794HztyqUkD3Zi,0.0,0.0,1.0,0.0
105,106,spotify:track:2uLt06E9xCZVPFXg9v794o,"MC Gontijo, Dj Sati Marconex",Baile do Cinga do 12,MBB Diamond,106,-1,1,987846,2uLt06E9xCZVPFXg9v794o,0.0,0.0,1.0,0.0
106,107,spotify:track:3Xuo5utyzk86BwlUHdTR2O,Henrique & Juliano,Briga Feia - Ao Vivo,Virgin Music Label And Artist Services (S&D),22,99,78,969919,3Xuo5utyzk86BwlUHdTR2O,-0.5267,0.018,0.982,0.0
107,108,spotify:track:6f3Slt0GbA2bPZlz0aIFXN,Tiësto,The Business,Atlantic Records,74,111,22,966316,6f3Slt0GbA2bPZlz0aIFXN,0.9765,0.026,0.859,0.115
108,109,spotify:track:3PfIrDoz19wz7qK7tYeu62,Dua Lipa,Don't Start Now,Warner Records,2,113,84,965558,3PfIrDoz19wz7qK7tYeu62,-0.9873,0.129,0.839,0.032
109,110,spotify:track:5r9CZJMoMmxio2AnJdxuDS,"Grupo Menos É Mais, Di Propósito, Vou Zuar",Pot-Pourri: Melhor Eu Ir / Ligando Os Fatos / Sonho de Amor / Deixa Eu Te Querer - Ao Vivo,Som Livre,21,106,53,960413,5r9CZJMoMmxio2AnJdxuDS,0.0,0.0,1.0,0.0
110,111,spotify:track:7mz8C0h5Lug50qYq6KH0wp,João Gomes,Meu Pedaço de Pecado,Sua Música,111,-1,1,952614,7mz8C0h5Lug50qYq6KH0wp,-0.8555,0.049,0.942,0.009
111,112,spotify:track:3QUriWUE8WnWLpWxHA52k4,"Tz da Coronel, DJ PurpleRain.REC",Anota Placa,Purple Rain Records,72,110,12,948347,3QUriWUE8WnWLpWxHA52k4,0.8426,0.017,0.955,0.028
112,113,spotify:track:0BGwAKW4u8kWOhWFflZxfl,Masked Wolf,Astronaut In The Ocean,Elektra (NEK),53,105,15,940020,0BGwAKW4u8kWOhWFflZxfl,0.9922,0.085,0.719,0.196
113,114,spotify:track:52yvnBV90B2ZUC5b25cFer,Gusttavo Lima,Espetinho - Ao Vivo,Sony Music Entertainment,20,104,29,927937,52yvnBV90B2ZUC5b25cFer,0.9804,0.0,0.898,0.102
114,115,spotify:track:35qOGx1CWvCkQFOv4BkVIV,Os Barões Da Pisadinha,Esquema Preferido - Ao Vivo,Sony Music Entertainment,23,102,20,927172,35qOGx1CWvCkQFOv4BkVIV,-0.5803,0.021,0.979,0.0
115,116,spotify:track:2QCwoYDn4DRfjs4NhW2KpO,"João Bosco e Gabriel, Humberto & Ronaldo",Alô Ex-Amor - Ao Vivo,João Bosco e Gabriel,14,103,41,923774,2QCwoYDn4DRfjs4NhW2KpO,0.0,0.0,1.0,0.0
116,117,spotify:track:0f1xsopmPwjGv5lJooglnD,Josué Bom de Faixa,Deixa Eu Falar pra Você,Administração Mídias Brasil,109,112,7,922758,0f1xsopmPwjGv5lJooglnD,0.0,0.0,1.0,0.0
117,118,spotify:track:2Nlf97QqqcZ2x9Qb4h1Qt2,Bruno & Marrone,Coração de Isca,Worldshow Promoções e Eventos,106,115,12,918046,2Nlf97QqqcZ2x9Qb4h1Qt2,0.6808,0.018,0.95,0.032
118,119,spotify:track:0VxVv5IKWXj5o6FVO7zKXN,"DJ Lucas Beat, João Bosco & Vinicius",Bloqueia Eu - Remix,Midia Hits,66,109,13,908565,0VxVv5IKWXj5o6FVO7zKXN,-0.9956,0.031,0.959,0.011
119,120,spotify:track:2xdwCJLfKCkat14mlgR26M,Billie Eilish,Lost Cause,Darkroom/Interscope Records,120,-1,1,906294,2xdwCJLfKCkat14mlgR26M,-0.978,0.154,0.748,0.098
120,121,spotify:track:35mvY5S1H3J2QZyna3TFe0,Ariana Grande,positions,Republic Records,15,127,33,903625,35mvY5S1H3J2QZyna3TFe0,0.9912,0.053,0.795,0.152
121,122,spotify:track:0YluTOlBctnpHPABgFSXEw,"DJ Lucas Beat, Vitor Fernandes",Vou Falar Que Não Quero - Remix,Midia Hits,100,108,9,902707,0YluTOlBctnpHPABgFSXEw,0.9985,0.014,0.944,0.042
122,123,spotify:track:2LOIoeI16A8jjKubPKoCSa,"ANAVITÓRIA, Rita Lee","Amarelo, azul e branco",F/SIMAS,43,117,15,899739,2LOIoeI16A8jjKubPKoCSa,-0.5267,0.013,0.987,0.0
123,124,spotify:track:2fmeSswdyVq4wcqhY41UHk,"Pineapple StormTv, L7NNON, Chris MC, Xamã, Lourena, Cesar Mc, Djonga, Filipe Ret, Salve Malak, Hunter",Poesia Acústica #9: Melhor Forma,Pineapple StormTV,3,130,48,894951,2fmeSswdyVq4wcqhY41UHk,0.0,0.0,1.0,0.0
124,125,spotify:track:6WXglvTFRmjlHHhgjYMNif,"MC Hariel, Alok, MC Ryan SP, Mc Davi, Salvador Da Rima",Ilusão (Cracolândia),GR6 Music,2,119,30,892402,6WXglvTFRmjlHHhgjYMNif,-0.9749,0.032,0.968,0.0
125,126,spotify:track:3dPvQLKl42dMYWV4LWRTLK,Os Barões Da Pisadinha,Tá Rocheda,Sony Music Entertainment,7,114,71,890435,3dPvQLKl42dMYWV4LWRTLK,-0.7959,0.036,0.964,0.0
126,127,spotify:track:0cHflpV8SSGbE0NKaasEfT,"Filipe Ret, Dallass",F* F* M*,Som Livre,57,125,15,887047,0cHflpV8SSGbE0NKaasEfT,-0.1779,0.03,0.95,0.021
127,128,spotify:track:7frGdTrAxXpYbvsTsaySxJ,"MC Theuzyn, MC Gui Andrade",É sempre assim,2985190 Records DK,118,118,3,880388,7frGdTrAxXpYbvsTsaySxJ,0.0,0.0,1.0,0.0
128,129,spotify:track:1nahzW3kfMuwReTka28tH5,Justin Bieber,Hold On,RBMG/Def Jam,69,121,14,862427,1nahzW3kfMuwReTka28tH5,0.967,0.058,0.833,0.11
129,130,spotify:track:6x1FttETfbRLerumlTn0ZH,Teto,Paypal,Sony Music Entertainment,48,129,16,856320,6x1FttETfbRLerumlTn0ZH,-0.9908,0.162,0.753,0.085
130,131,spotify:track:1h6a1gcgHa4hg09xEmue3V,"Raí Saia Rodada, NATTAN",Storiezin,Som Livre,131,134,8,852025,1h6a1gcgHa4hg09xEmue3V,-0.5803,0.019,0.981,0.0
131,132,spotify:track:3FAJ6O0NOHQV8Mc5Ri6ENp,Giveon,Heartbreak Anniversary,Epic/Not So Fast,41,126,14,851229,3FAJ6O0NOHQV8Mc5Ri6ENp,0.8748,0.114,0.736,0.15
132,133,spotify:track:4fB85IhVASxXMWgoke5WVJ,Alok,Alive (It Feels Like),CONTROVERSIA,57,137,30,846680,4fB85IhVASxXMWgoke5WVJ,0.9961,0.0,0.876,0.124
133,134,spotify:track:2TOzTqQXNmR2zDJXihjZ2e,Olivia Rodrigo,enough for you,Olivia Rodrigo PS,65,116,3,843578,2TOzTqQXNmR2zDJXihjZ2e,0.6832,0.138,0.729,0.133
134,135,spotify:track:4iavXH4dDUMA8yAabnUhSI,"Jorge & Mateus, Marília Mendonça",Me Ame Mais,Som Livre,73,124,7,822549,4iavXH4dDUMA8yAabnUhSI,0.8979,0.02,0.927,0.053
135,136,spotify:track:3w4RBPBd4cBwcGvK26deQO,"Tierry, Gusttavo Lima",Acertou na Mosca,WorkShow,133,133,4,815772,3w4RBPBd4cBwcGvK26deQO,0.0,0.0,1.0,0.0
136,137,spotify:track:2BRGOqLBHFJclDM6PB2dnd,Marília Mendonça,Deprê,Som Livre,55,136,27,811555,2BRGOqLBHFJclDM6PB2dnd,-0.8555,0.044,0.956,0.0
137,138,spotify:track:2InUVOBY515umeuwdQtsQ4,Zé Neto & Cristiano,Esses Vícios,Som Livre,71,131,29,809262,2InUVOBY515umeuwdQtsQ4,0.9682,0.0,0.927,0.073
138,139,spotify:track:5HdghQzJVbvkZuMyvj2k34,"MC Torugo, MC Fahah",AK47 É o Porte do Homem,wa produção,95,135,8,805763,5HdghQzJVbvkZuMyvj2k34,0.0,0.0,1.0,0.0
139,140,spotify:track:4saklk6nie3yiGePpBwUoc,BTS,Dynamite,BIGHIT MUSIC,17,128,42,794808,4saklk6nie3yiGePpBwUoc,0.9955,0.029,0.815,0.156
140,141,spotify:track:7CDdyDigw7e3zFr3k7uKMY,Luíza & Maurílio,Pode Sumir,Som Livre,55,139,54,793541,7CDdyDigw7e3zFr3k7uKMY,-0.9999,0.021,0.974,0.005
141,142,spotify:track:49QpcTWIP16YgGLmiPDvTI,Léo & Raphael,Os Menino da Pecuária,Leo & Raphael,142,142,4,791527,49QpcTWIP16YgGLmiPDvTI,0.0,0.0,1.0,0.0
142,143,spotify:track:7M7oYTGSDkD1jfv33yWtR0,"Borges, Mainstreet, NGC Daddy",Aonde Eu Sou Cria,Mainstreet Records,143,197,3,791191,7M7oYTGSDkD1jfv33yWtR0,-0.9226,0.038,0.955,0.007
143,144,spotify:track:3oxk3UVbKJiPcPokw9h64D,"DJ Matt D, Menor MC",Tipo Gringa,GREE CASSUA,76,141,12,777095,3oxk3UVbKJiPcPokw9h64D,-0.7339,0.021,0.979,0.0
144,145,spotify:track:6mUNR2pJOxKRCVo97YVlHE,"Dj Wesley Gonzaga, MC Fahah, Mc Vitin Lc",Gonzaga Deu Fuga Com Uma Loira Cabulosa Em Cima Da 66,FERA ENTRETENIMENTO,145,-1,1,774495,6mUNR2pJOxKRCVo97YVlHE,0.0,0.0,1.0,0.0
145,146,spotify:track:6eIZaT9qNz9lVrhWbJOWls,"Mac Júlia, Pejota","Sofa, Breja e Netflix",Produto Marginal,142,147,8,774494,6eIZaT9qNz9lVrhWbJOWls,-0.2732,0.031,0.947,0.022
146,147,spotify:track:4wcBRRpIfesgcyUtis7PEg,Olivia Rodrigo,"1 step forward, 3 steps back",Olivia Rodrigo PS,74,140,3,771143,4wcBRRpIfesgcyUtis7PEg,0.7009,0.102,0.778,0.12
147,148,spotify:track:0V4ZIBLOxq85pFQATKtItp,Gustavo Mioto,Despedida De Casal,Universal Music Ltda.,67,132,21,765910,0V4ZIBLOxq85pFQATKtItp,0.0,0.0,1.0,0.0
148,149,spotify:track:13N5qGcFD3uRuY02Wwdu4Q,Otavio Beats,Vai Rebola Trava VS To Doidinho pra ver o seu Piercing no peito,iMusics,149,-1,1,759757,13N5qGcFD3uRuY02Wwdu4Q,0.0,0.0,1.0,0.0
149,150,spotify:track:4W7Y0EsaVPh87WKC1etOHA,"Orochi, Mainstreet, Mc Poze do Rodo, Ajaxx",Lobo,Mainstreet Records,88,156,8,755270,4W7Y0EsaVPh87WKC1etOHA,-0.9705,0.064,0.932,0.005
150,151,spotify:track:1bK6UaFcArJvIaMeKPTFSm,"MC Meno K, MC Cria, Dj Matheus Silva",Uma Cavala Mesmo,Resumo Produtora,55,145,17,750004,1bK6UaFcArJvIaMeKPTFSm,0.0,0.0,1.0,0.0
151,152,spotify:track:3sgOlQhpIlao3pSkXy9XXY,Maiara & Maraisa,Incomparável,Som Livre,152,-1,1,740356,3sgOlQhpIlao3pSkXy9XXY,0.0,0.0,1.0,0.0
152,153,spotify:track:3056x1XkmICnQmji68rrft,"Murilo Huff, Henrique & Juliano",Desejando Eu (Ao Vivo),Artinvox,24,148,55,735611,3056x1XkmICnQmji68rrft,0.0,0.0,1.0,0.0
153,154,spotify:track:1T3hcBQRwacjWLuJJFt8co,"Xand Avião, Os Barões Da Pisadinha",Ela Aperta a Minha Mente,Som Livre,93,143,24,729923,1T3hcBQRwacjWLuJJFt8co,0.7074,0.0,0.985,0.015
154,155,spotify:track:187Pge0WmJNoS73kaIORSE,"Douglas & Vinicius, MC Bruninho",Figurinha - Ao Vivo,Virgin Music Label And Artist Services (S&D),3,146,47,729288,187Pge0WmJNoS73kaIORSE,-0.5267,0.038,0.962,0.0
155,156,spotify:track:7qEHsqek33rTcFNT9PFqLf,Lewis Capaldi,Someone You Loved,Vertigo Berlin,65,162,92,726947,7qEHsqek33rTcFNT9PFqLf,0.0,0.0,1.0,0.0
156,157,spotify:track:1w5GF97jRe8bnNKcBPYPyf,Zé Vaqueiro,Meu Mel,Sony Music Entertainment,143,158,17,721760,1w5GF97jRe8bnNKcBPYPyf,0.7959,0.016,0.923,0.061
157,158,spotify:track:770dThFIyI1l6ovcxxeUW2,"DJ BOY, MC Joãozinho VT, MC V7, MC Letto, MC Leozinho ZS, Mc IG, Mc Davi, Mc Kako",Coração Gelado 2,Sonar Music,136,152,9,719043,770dThFIyI1l6ovcxxeUW2,-0.6767,0.021,0.965,0.015
158,159,spotify:track:7BoobGhD4x5K96Me0hqC8Q,Bella Poarch,Build a Bitch,Warner Records,159,187,2,716643,7BoobGhD4x5K96Me0hqC8Q,0.3037,0.147,0.7,0.154
159,160,spotify:track:07c9lzwx1IIm101PnB4BZu,"MC Levin, Caverinha",É Só Botada,Master Gold,24,149,30,706307,07c9lzwx1IIm101PnB4BZu,-0.8299,0.019,0.981,0.0
160,161,spotify:track:6tDDoYIxWvMLTdKpjFkc1B,Kali Uchis,telepatía,EMI / Interscope,46,155,15,703250,6tDDoYIxWvMLTdKpjFkc1B,0.9274,0.007,0.94,0.052
161,162,spotify:track:3S2iI46NmKyZsoxs2NByIP,"Tarcísio do Acordeon, Vitor Fernandes",Nêga,Sua Música,27,151,34,703172,3S2iI46NmKyZsoxs2NByIP,0.9136,0.0,0.916,0.084
162,163,spotify:track:2vBET2pmrQqafaS6zIaYta,"Black Eyed Peas, Shakira",GIRL LIKE ME,Epic,103,164,20,702981,2vBET2pmrQqafaS6zIaYta,0.9949,0.044,0.806,0.15
163,164,spotify:track:1J14CdDAvBTE1AJYUOwl6C,Duncan Laurence,Arcade,"Universal Music, a division of Universal International Music BV",129,160,14,701139,1J14CdDAvBTE1AJYUOwl6C,0.9538,0.098,0.745,0.157
164,165,spotify:track:0zLCBJZSiELJf02ucPP9wb,"SAINt JHN, Imanbek",Roses - Imanbek Remix,Columbia/B1 Recordings,11,171,67,700979,0zLCBJZSiELJf02ucPP9wb,-0.9724,0.11,0.825,0.065
165,166,spotify:track:1zejeOnykpCoyVSit6Bwp3,Olivia Rodrigo,hope ur ok,Olivia Rodrigo PS,96,150,3,694368,1zejeOnykpCoyVSit6Bwp3,0.9927,0.099,0.659,0.242
166,167,spotify:track:3vu864xi5Xis9VfOsJpmXu,LUDMILLA,Rainha da Favela,WM Brazil,16,172,30,690705,3vu864xi5Xis9VfOsJpmXu,-0.9966,0.217,0.783,0.0
167,168,spotify:track:7sCdzif8vD8XN1jgdYFL1q,João Bosco e Gabriel,Localiza Aí Bebê - Ao Vivo,João Bosco e Gabriel,153,153,8,689932,7sCdzif8vD8XN1jgdYFL1q,0.0,0.0,1.0,0.0
168,169,spotify:track:4sNVJ7S1hwZycKkCZY9gVx,Zé Vaqueiro,Cangote,Sony Music Entertainment,104,157,22,687701,4sNVJ7S1hwZycKkCZY9gVx,-0.5972,0.037,0.951,0.012
169,170,spotify:track:260n4ECk9j4IEvTAVBYojl,Matheus & Kauan,Nem Doeu - Ao Vivo,Universal Music Ltda.,12,122,54,687343,260n4ECk9j4IEvTAVBYojl,-0.5267,0.015,0.985,0.0
170,171,spotify:track:5PNvgiKSwMdjBsDsgFCFLX,"Maverick Sabre, Jorja Smith, Vintage Culture, Slow Motion",Slow Down (feat. Jorja Smith) - Vintage Culture & Slow Motion Remix,Spinnin' Deep,21,174,62,686403,5PNvgiKSwMdjBsDsgFCFLX,0.863,0.054,0.872,0.074
171,172,spotify:track:3sGcETRMuAgcPgjDpIkgMn,Matuê,777-666,Sony Music Entertainment,4,170,39,680407,3sGcETRMuAgcPgjDpIkgMn,-0.8625,0.04,0.952,0.008
172,173,spotify:track:084XFobv6FZRHHw6mEYJdU,"NATTAN, Elias Monkbel",O Carpinteiro - Conto de Fadas,Nattan,129,154,8,663666,084XFobv6FZRHHw6mEYJdU,0.0,0.0,1.0,0.0
173,174,spotify:track:6ft4hAq6yde8jPZY2i5zLr,"MEDUZA, Dermot Kennedy",Paradise (feat. Dermot Kennedy),Universal-Island Records Ltd.,141,192,21,661504,6ft4hAq6yde8jPZY2i5zLr,0.9629,0.069,0.835,0.096
174,175,spotify:track:5U28PY9MekLyCBYtLHGQpe,Melim,Meu Abrigo,Universal Music Ltda.,3,178,159,661174,5U28PY9MekLyCBYtLHGQpe,0.9022,0.04,0.886,0.074
175,176,spotify:track:5J4tK2FbXQEeC0AsfFgwpz,Yasmin Santos,Cuidado Que Eu Te Supero,Sony Music Entertainment,76,181,36,659423,5J4tK2FbXQEeC0AsfFgwpz,0.9517,0.035,0.887,0.077
176,177,spotify:track:13Rf6RaZT13TW4xLQR3MQr,"Pineapple StormTv, MC Cabelinho, Bob do Contra, Azzy, Filipe Ret, Dudu, Xamã, Orochi, Maquiny, Salve Malak, Hunter",Poesia Acústica #6: Era uma Vez,Pineapple StormTV,18,184,126,656600,13Rf6RaZT13TW4xLQR3MQr,-0.9606,0.033,0.948,0.018
177,178,spotify:track:60ynsPSSKe6O3sfwRnIBRf,Doja Cat,Streets,Kemosabe Records/RCA Records,93,179,20,655661,60ynsPSSKe6O3sfwRnIBRf,0.9961,0.07,0.728,0.203
178,179,spotify:track:3woa0ekqNnhx4etwchLZDk,"MC Magrella, Dj Anderson do Paraiso",Paty Trem Barbie,Lucas Produtor,179,-1,1,654308,3woa0ekqNnhx4etwchLZDk,0.0,0.0,1.0,0.0
179,180,spotify:track:29KuQ0h3UdcgetoGASw2qq,MC Rogerinho,Recaída Sem Compromisso,MC Rogerinho,180,-1,1,653379,29KuQ0h3UdcgetoGASw2qq,0.0,0.0,1.0,0.0
180,181,spotify:track:5oI9blwsXC8AkTWw6wASY8,Matuê,Máquina do Tempo,Sony Music Entertainment,2,182,39,651943,5oI9blwsXC8AkTWw6wASY8,0.9982,0.009,0.786,0.204
181,182,spotify:track:0in6Rc29qdyOkhKyYw4A84,Di Propósito,Manda Áudio,Sony Music Entertainment,53,180,51,651576,0in6Rc29qdyOkhKyYw4A84,0.7564,0.02,0.943,0.037
182,183,spotify:track:7jFEykLSATTBHLCJXikHmD,"MC 3L, DJ J2, DJ PBeats, Mc Ygor Yanks",Acabou a Água (feat. Mc Ygor Yanks),Tratto Entretenimentos & Love Funk,96,167,15,649597,7jFEykLSATTBHLCJXikHmD,0.0,0.0,1.0,0.0
183,184,spotify:track:1v1oIWf2Xgh54kIWuKsDf6,AURORA,Runaway,Decca (UMO),91,161,9,649560,1v1oIWf2Xgh54kIWuKsDf6,-0.7057,0.06,0.894,0.046
184,185,spotify:track:0xBQvhJAm6f7J142ympKOn,Mari Fernandez,"Não, Não Vou",Sony Music Entertainment,185,-1,1,647313,0xBQvhJAm6f7J142ympKOn,0.7303,0.013,0.96,0.026
185,186,spotify:track:2BEGTomoM88uGMOzRmZirl,"DJ DN, MC Gui Andrade, MC Fahah",Só Tapão Nervoso Vs Toma Catucada Violenta,DJ DN,78,168,18,644478,2BEGTomoM88uGMOzRmZirl,0.0,0.0,1.0,0.0
186,187,spotify:track:0jUVjA4goewfigd4lb6Br8,"Hugo & Vitor, Israel & Rodolffo",Não Nego Um Vamo,Universal Music Ltda.,118,166,8,639231,0jUVjA4goewfigd4lb6Br8,0.0,0.0,1.0,0.0
187,188,spotify:track:40KZgKCIvRVIoZqv9lNBoP,Jessé Aguiar,Alívio,Todah Music,188,-1,1,636269,40KZgKCIvRVIoZqv9lNBoP,0.0,0.0,1.0,0.0
188,189,spotify:track:1jweGFaVZxEVrOHKsLpPY4,Grupo Menos É Mais,Adorei,Som Livre,72,177,26,634300,1jweGFaVZxEVrOHKsLpPY4,0.0,0.0,1.0,0.0
189,190,spotify:track:1c5uZE4rMQ09O4bIJvlHwK,Israel & Rodolffo,Coração Traumatizou - Ao Vivo,Som Livre,190,193,2,633353,1c5uZE4rMQ09O4bIJvlHwK,0.6124,0.0,0.957,0.043
190,191,spotify:track:1X0MaGErD8rcspqQs9s2m0,Zé Felipe,Só Tem Eu,Som Livre,3,165,35,632699,1X0MaGErD8rcspqQs9s2m0,0.9932,0.009,0.801,0.19
191,192,spotify:track:2MOq63fxuFLYQM3CsDcFs1,GIULIA BE,menina solta,WM Brazil,15,188,88,626534,2MOq63fxuFLYQM3CsDcFs1,0.2244,0.015,0.973,0.013
192,193,spotify:track:4Y0gR2tYML083T6b2vhJrn,Henrique & Juliano,Liberdade Provisória - Live - Ibirapuera / 2019,Virgin Music Label And Artist Services (S&D),1,175,79,625956,4Y0gR2tYML083T6b2vhJrn,-0.6808,0.023,0.977,0.0
193,194,spotify:track:2Oycxb8QbPkpHTo8ZrmG0B,"Miley Cyrus, Dua Lipa",Prisoner (feat. Dua Lipa),RCA Records Label,41,200,29,623899,2Oycxb8QbPkpHTo8ZrmG0B,0.9906,0.065,0.815,0.121
194,195,spotify:track:2xUOk5WqUDfHyOBZbAc8ou,"Mad Dogz, Biu do Piseiro, Lukinha 062",Distribuidora,WM Brazil,195,-1,1,622176,2xUOk5WqUDfHyOBZbAc8ou,0.0,0.0,1.0,0.0
195,196,spotify:track:5uEYRdEIh9Bo4fpjDd4Na9,"Travis Scott, HVME",Goosebumps - Remix,Cactus Jack / Epic,164,194,11,622155,5uEYRdEIh9Bo4fpjDd4Na9,0.9938,0.09,0.722,0.188
196,197,spotify:track:4pwFy4YPNGMxK2P2FfQfvt,"Pineapple StormTv, MC Cabelinho, Orochi, JayA Luuck, Pk, Black, Delacruz, BK, LUDMILLA, Salve Malak, Hunter",Poesia Acústica 10: Recomeçar,Pineapple StormTV,25,-1,26,620734,4pwFy4YPNGMxK2P2FfQfvt,0.0,0.0,1.0,0.0
197,198,spotify:track:3fLqmaO4vvZpFZSZy52VMp,"Lagum, Ana Gabriela",Deixa (feat. Ana Gabriela),Sony Music Entertainment,28,-1,154,619608,3fLqmaO4vvZpFZSZy52VMp,0.9933,0.053,0.765,0.182
198,199,spotify:track:3h3fui1QXImL2zRcs9v2Lc,"Casa Worship, Julliany Souza, Léo Brandão",A Casa É Sua,A Casa É Sua,120,-1,67,619047,3h3fui1QXImL2zRcs9v2Lc,0.0,0.0,1.0,0.0
199,200,spotify:track:0dyr2vWp1BXPAGRepsCnJQ,"MC Hariel, Mc Don Juan, Mc Kevin, MC Leozinho ZS, Mc IG, MC Marks, MC Neguinho do Kaxeta, Mc Vitão Do Savoy, MC Ryan SP, MC Menor da VG, Mc Lele JP, Mc Kelvinho, Perera DJ, DJ Pedro, Djay W, DJ Murillo, LTnoBeat",Hit do Ano - O Peso da Luta,GR6 Music,146,183,4,617146,0dyr2vWp1BXPAGRepsCnJQ,-0.9887,0.025,0.973,0.001
