,rank,uri,artist_names,track_name,source,peak_rank,previous_rank,days_on_chart,streams,ID,compound,neg,neu,pos
0,1,spotify:track:4xWzZmX4K1yyrdtRfbUvjt,Niack,Oh Juliana,Niack,1,1,30,886783,4xWzZmX4K1yyrdtRfbUvjt,0.9811,0.01,0.945,0.046
1,2,spotify:track:4zGtfOglDBfVUypabBwIjQ,"Mc Zaac, Anitta, Tyga",Desce Pro Play (PA PA PA),Universal Music Ltda.,1,2,43,646133,4zGtfOglDBfVUypabBwIjQ,-0.918,0.049,0.935,0.016
2,3,spotify:track:15k1TDabqSEmyXOwMq9RM7,Jonas Esticado,Investe Em Mim,Som Livre,3,3,42,560666,15k1TDabqSEmyXOwMq9RM7,0.0,0.0,1.0,0.0
3,4,spotify:track:2fmeSswdyVq4wcqhY41UHk,"Pineapple StormTv, L7NNON, Chris MC, Xamã, Lourena, Cesar Mc, Djonga, Filipe Ret, Salve Malak, Hunter",Poesia Acústica #9: Melhor Forma,Pineapple StormTV,2,4,28,516512,2fmeSswdyVq4wcqhY41UHk,0.0,0.0,1.0,0.0
4,5,spotify:track:0AGS6ZRgzobrazmCi6pYMe,Niack,Na Raba Toma Tapão,Niack / Ritmo dos Fluxos,1,5,85,502778,0AGS6ZRgzobrazmCi6pYMe,-0.8126,0.032,0.957,0.011
5,6,spotify:track:0RaIjuKU5hudMteEXwr4RS,Jorge & Mateus,Ranking,Som Livre,4,6,155,468824,0RaIjuKU5hudMteEXwr4RS,-0.89,0.045,0.955,0.0
6,7,spotify:track:7o9LwQmTuIDm4LyyHFIWul,Henrique & Juliano,Volta Por Baixo - Ao Vivo,Virgin Music Label And Artist Services (S&D),2,7,211,467081,7o9LwQmTuIDm4LyyHFIWul,0.9798,0.0,0.907,0.093
7,8,spotify:track:3WjSkl7VDWY1prwJw7dSG0,Zé Neto & Cristiano,Barzinho Aleatório - Ao Vivo,Som Livre,7,11,246,427579,3WjSkl7VDWY1prwJw7dSG0,-0.5267,0.021,0.979,0.0
8,9,spotify:track:5GAdMAL3tRJkVN1HtwohK2,"Mc Don Juan, Maiara & Maraisa",Vai Ter Que Aguentar,GR6 Music,6,8,68,424850,5GAdMAL3tRJkVN1HtwohK2,-0.9355,0.051,0.949,0.0
9,10,spotify:track:3tc8Z4lGzOIwmIVftsxO6o,Marília Mendonça,Graveto - Ao Vivo,Som Livre,3,12,211,417982,3tc8Z4lGzOIwmIVftsxO6o,0.34,0.015,0.968,0.017
10,11,spotify:track:67mqU3FeErlvWwsxnMfvQo,"MC Du Black, Delacruz",Tudo Aconteceu,Universal Music Ltda.,3,10,135,415654,67mqU3FeErlvWwsxnMfvQo,-0.9413,0.05,0.95,0.0
11,12,spotify:track:12v6LfkX9YIR3uLefIAAYZ,Mc Jacaré,Comprei um Lança,Mc Jacare / Los Pantchos,11,13,46,404194,12v6LfkX9YIR3uLefIAAYZ,-0.8807,0.041,0.959,0.0
12,13,spotify:track:25gD4PQjxCLnwIY2n23aEl,"Vitão, Luísa Sonza",Flores,Universal Music Ltda.,2,9,57,403555,25gD4PQjxCLnwIY2n23aEl,-0.5267,0.013,0.987,0.0
13,14,spotify:track:51uXmhqGR76tT2UeKZyeN6,"Marília Mendonça, Maiara & Maraisa",Quero Você do Jeito Que Quiser,Som Livre,12,14,29,399565,51uXmhqGR76tT2UeKZyeN6,0.9186,0.0,0.96,0.04
14,15,spotify:track:4DngRKOpRPrkbzImUB0zgh,Matheus & Kauan,Litrão - Ao Vivo Em Recife / 2020,Universal Music Ltda.,2,15,190,392733,4DngRKOpRPrkbzImUB0zgh,-0.7989,0.029,0.971,0.0
15,16,spotify:track:4zsiMjB0794HztyqUkD3Zi,"Dilsinho, Henrique & Juliano",Sogra - Ao Vivo,Sony Music Entertainment,16,20,61,385237,4zsiMjB0794HztyqUkD3Zi,0.0,0.0,1.0,0.0
16,17,spotify:track:260n4ECk9j4IEvTAVBYojl,Matheus & Kauan,Nem Doeu - Ao Vivo,Universal Music Ltda.,17,21,71,376912,260n4ECk9j4IEvTAVBYojl,-0.5267,0.015,0.985,0.0
17,18,spotify:track:60wF0XnX7A0jVpDNA5v8vi,"Vytinho NG, Bianca",Tudo no Sigilo,Vytinho Ng,3,16,143,371800,60wF0XnX7A0jVpDNA5v8vi,-0.8642,0.03,0.97,0.0
18,19,spotify:track:7Ac3BmqTQoLdAt7HtZyfgN,"DENNIS, Mc Don Juan",Te Prometo,Sony Music Entertainment,8,18,182,360925,7Ac3BmqTQoLdAt7HtZyfgN,-0.9874,0.021,0.965,0.013
19,20,spotify:track:3Ghyp3X5Ua9ypHnBIgOObI,Henrique & Juliano,Liberdade Provisória - Live - Ibirapuera / 2019,Virgin Music Label And Artist Services (S&D),1,22,246,360882,3Ghyp3X5Ua9ypHnBIgOObI,-0.6808,0.023,0.977,0.0
20,21,spotify:track:6jcGoHrqfRW6fI2I6xtwBQ,MC Marks,Deus é por nós,WM Brazil,14,17,54,360653,6jcGoHrqfRW6fI2I6xtwBQ,-0.5267,0.01,0.99,0.0
21,22,spotify:track:3tv697PZNnaQN0Mn2zGhS5,Gusttavo Lima,A Gente Fez Amor - Ao Vivo,Sony Music Entertainment,1,23,246,355152,3tv697PZNnaQN0Mn2zGhS5,0.9946,0.029,0.823,0.148
22,23,spotify:track:3J5Pu25BODMex4Jpy4l6FL,"Luíza & Maurílio, Zé Neto & Cristiano",S de Saudade,Som Livre,6,26,281,350502,3J5Pu25BODMex4Jpy4l6FL,0.0,0.0,1.0,0.0
23,24,spotify:track:2WlZuBDgLfT7Kc0admhFdg,Luísa Sonza,BRABA,Universal Music Ltda.,1,19,143,350447,2WlZuBDgLfT7Kc0admhFdg,-0.5267,0.017,0.983,0.0
24,25,spotify:track:08Sd5vVcIH3uKeAiaJdoYj,Lauana Prado,Viva Voz - Ao Vivo Em São Paulo / 2019,Universal Music Ltda.,15,25,155,339329,08Sd5vVcIH3uKeAiaJdoYj,0.8625,0.038,0.858,0.104
25,26,spotify:track:3056x1XkmICnQmji68rrft,"Murilo Huff, Henrique & Juliano",Desejando Eu (Ao Vivo),Artinvox,26,29,78,323308,3056x1XkmICnQmji68rrft,0.0,0.0,1.0,0.0
26,27,spotify:track:28atBekPVlTdnU4M9Z7udd,"Dilsinho, Luísa Sonza, Malibu",Não Vai Embora,Malibu Studios,23,28,92,307251,28atBekPVlTdnU4M9Z7udd,-0.8105,0.02,0.98,0.0
27,28,spotify:track:6UelLqGlWMcVH1E5c4H7lY,Harry Styles,Watermelon Sugar,Columbia,21,24,178,299650,6UelLqGlWMcVH1E5c4H7lY,0.9584,0.0,0.912,0.088
28,29,spotify:track:0SJtvFn4vqgJPscSbEPaql,"Maiara & Maraisa, Dilsinho",Libera Ela - Ao Vivo,Som Livre,16,33,113,297717,0SJtvFn4vqgJPscSbEPaql,0.958,0.0,0.939,0.061
29,30,spotify:track:5LpLYzpV0HWKI2DlPmNywg,"Wesley Safadão, Zé Neto & Cristiano",Despedida - Ao Vivo,Som Livre,15,34,127,296816,5LpLYzpV0HWKI2DlPmNywg,-0.9388,0.049,0.951,0.0
30,31,spotify:track:7pDcS0EVMJR0YwjXmHcCRg,"Luísa Sonza, Mc Zaac",TOMA,Universal Music Ltda.,25,27,8,295117,7pDcS0EVMJR0YwjXmHcCRg,-0.9081,0.044,0.956,0.0
31,32,spotify:track:4j2bK4fnc2s6GyVmhJsJhk,Henrique & Juliano,Briga Feia - Ao Vivo,Virgin Music Label And Artist Services (S&D),21,35,239,287718,4j2bK4fnc2s6GyVmhJsJhk,-0.5267,0.018,0.982,0.0
32,33,spotify:track:59CnMc5PR9GdDFEVOpHSg9,"Dj W-Beatz, Ventura, Mc Rennan, MC Bruna Alves, MC BN, MC Rick","Rave do Papa - Deluxe (feat. Mc Rennan, MC Bruna Alves, MC BN & MC Rick) - Remix",Tratto Entretenimentos,33,36,57,279454,59CnMc5PR9GdDFEVOpHSg9,0.0,0.0,1.0,0.0
33,34,spotify:track:2Wo6QQD1KMDWeFkkjLqwx5,"SAINt JHN, Imanbek",Roses - Imanbek Remix,Columbia/B1 Recordings,8,30,162,278894,2Wo6QQD1KMDWeFkkjLqwx5,-0.9724,0.11,0.825,0.065
34,35,spotify:track:2ptHQBO7TQhEkXOeK9ST59,"Grupo Menos É Mais, Di Propósito, Vou Zuar",Pot-Pourri: Melhor Eu Ir / Ligando Os Fatos / Sonho de Amor / Deixa Eu Te Querer - Ao Vivo,Som Livre,30,42,66,276845,2ptHQBO7TQhEkXOeK9ST59,0.0,0.0,1.0,0.0
35,36,spotify:track:01mKvmXQLhr3MEoiAEAcP2,"Rennan da Penha, MC 2jhow",Talarica,Sony Music Entertainment,36,45,15,271839,01mKvmXQLhr3MEoiAEAcP2,-0.8807,0.04,0.96,0.0
36,37,spotify:track:23zmMwD99ROi9yhxqMxWil,"João Bosco & Vinicius, Matheus",Segunda Taça - Ao Vivo,João Bosco & Vinicius,19,41,169,270408,23zmMwD99ROi9yhxqMxWil,0.0,0.0,1.0,0.0
37,38,spotify:track:2MOq63fxuFLYQM3CsDcFs1,GIULIA BE,menina solta,WM Brazil,10,31,305,269564,2MOq63fxuFLYQM3CsDcFs1,0.2244,0.015,0.973,0.013
38,39,spotify:track:0VjIjW4GlUZAMYd2vXMi3b,The Weeknd,Blinding Lights,Republic Records,17,32,224,268277,0VjIjW4GlUZAMYd2vXMi3b,0.0,0.0,1.0,0.0
39,40,spotify:track:6NM06xgqxQ0HU5lxbt2JHi,Gusttavo Lima,Saudade Sua,Sony Music Entertainment,2,38,85,266835,6NM06xgqxQ0HU5lxbt2JHi,-0.4871,0.012,0.988,0.0
40,41,spotify:track:3dPvQLKl42dMYWV4LWRTLK,Os Barões Da Pisadinha,Tá Rocheda,Sony Music Entertainment,30,43,164,265142,3dPvQLKl42dMYWV4LWRTLK,-0.7959,0.036,0.964,0.0
41,42,spotify:track:1GWUiFYLYEapxYHnASyOud,Wesley Safadão,Não Valeu,Som Livre,33,44,85,259243,1GWUiFYLYEapxYHnASyOud,-0.9905,0.126,0.874,0.0
42,43,spotify:track:3oe0vGmQxem3DcarYMuzu1,Felipe Araújo,Mentira - Ao Vivo,Universal Music Ltda.,11,39,249,258975,3oe0vGmQxem3DcarYMuzu1,0.0,0.0,1.0,0.0
43,44,spotify:track:2PWjKmjyTZeDpmOUa3a5da,Jorge & Mateus,Cheirosa - Ao Vivo,Som Livre,3,47,302,253538,2PWjKmjyTZeDpmOUa3a5da,-0.5267,0.02,0.98,0.0
44,45,spotify:track:3PfIrDoz19wz7qK7tYeu62,Dua Lipa,Don't Start Now,Warner Records,1,37,281,250120,3PfIrDoz19wz7qK7tYeu62,-0.9873,0.129,0.839,0.032
45,46,spotify:track:71FrGl0XcpL3VId65tB5mg,Os Barões Da Pisadinha,Recairei - Ao Vivo,Sony Music Entertainment,39,49,86,243048,71FrGl0XcpL3VId65tB5mg,0.8555,0.0,0.898,0.102
46,47,spotify:track:0GrEqRHf5FioT1hOB8PBxZ,Marília Mendonça,Vira Homem,Som Livre,22,48,99,240451,0GrEqRHf5FioT1hOB8PBxZ,0.6808,0.009,0.954,0.037
47,48,spotify:track:3oqC4Ta40ft6NnTJwcUTdi,"Rashid, Lukinhas, Emicida",Pipa Voada (feat. Emicida),Sony Music Entertainment,33,40,153,239879,3oqC4Ta40ft6NnTJwcUTdi,0.0,0.0,1.0,0.0
48,49,spotify:track:5L8ZEyIdZ2KE4Wf51SsuOF,Gustavo Mioto,Com Ou Sem Mim - Ao Vivo,Universal Music Ltda.,5,50,260,231516,5L8ZEyIdZ2KE4Wf51SsuOF,0.8541,0.0,0.963,0.037
49,50,spotify:track:1Nmcs8zk7LfcvHRgLtTM5J,"Orochi, Papatinho",Amor de Fim de Noite,Mainstreet Records,26,46,265,210913,1Nmcs8zk7LfcvHRgLtTM5J,0.9948,0.004,0.908,0.088
50,51,spotify:track:3GmJxfnUDrIs1iCfKUELFz,Marília Mendonça,Supera - Ao Vivo,Som Livre,1,53,358,198805,3GmJxfnUDrIs1iCfKUELFz,0.8402,0.0,0.964,0.036
51,52,spotify:track:2Ou6UYuUbNyqwXxRDSeFRf,Maiara & Maraisa,Aí Eu Bebo - Ao Vivo,Som Livre,13,58,295,197174,2Ou6UYuUbNyqwXxRDSeFRf,0.0,0.0,1.0,0.0
52,53,spotify:track:48CAeajgzcGJaVUSsXd7h0,"Guilherme & Benuto, Israel & Rodolffo",Declaração pro Bar - Ao Vivo,Sony Music Entertainment,43,60,174,192811,48CAeajgzcGJaVUSsXd7h0,0.6124,0.0,0.977,0.023
53,54,spotify:track:1uryupl9hqVZYurJwH4G9k,Guilherme & Benuto,3 Batidas - Ao Vivo,Sony Music Entertainment,8,61,349,188635,1uryupl9hqVZYurJwH4G9k,0.0,0.083,0.856,0.061
54,55,spotify:track:4lKuzrdZrJuCAedbIslF3A,"PEDRO SAMPAIO, Felipe Original, JS o Mão de Ouro",SENTADÃO,WM Brazil,2,56,260,185239,4lKuzrdZrJuCAedbIslF3A,0.5696,0.06,0.867,0.073
55,56,spotify:track:1rgnBhdG2JDFTbYkYRZAku,Tones And I,Dance Monkey,Elektra (NEK),5,52,320,184739,1rgnBhdG2JDFTbYkYRZAku,0.0387,0.023,0.946,0.03
56,57,spotify:track:7A80qvCqnAXMURfZsaPOcT,"Marília Mendonça, Maiara & Maraisa",Você Nem É Tudo Isso,Som Livre,57,-1,1,183890,7A80qvCqnAXMURfZsaPOcT,-0.9274,0.059,0.941,0.0
57,58,spotify:track:5yaXBGNko8lmFSOvKWo99j,Matheus & Kauan,Então Toma - Ao Vivo,Universal Music Ltda.,34,63,120,183871,5yaXBGNko8lmFSOvKWo99j,0.0,0.0,1.0,0.0
58,59,spotify:track:2Q9TaUXNM4mNSCgJjbmsJe,Zé Neto & Cristiano,Bebi Minha Bicicleta (Coração Falido) - Ao Vivo,Som Livre,4,64,253,183631,2Q9TaUXNM4mNSCgJjbmsJe,0.0,0.0,1.0,0.0
59,60,spotify:track:4p8pEdPYOQLzJUKYrLOacy,"WC no Beat, PEDRO SAMPAIO, FP do Trem Bala",BALANÇA (feat. Pedro Sampaio),Sony Music Entertainment,8,57,190,183398,4p8pEdPYOQLzJUKYrLOacy,-0.5803,0.018,0.982,0.0
60,61,spotify:track:0DWUfq7vSAArkz82XHnuGm,"WC no Beat, LUDMILLA, Vitão",SEM LIMITES,Sony Music Entertainment,47,59,64,182525,0DWUfq7vSAArkz82XHnuGm,-0.6472,0.03,0.955,0.015
61,62,spotify:track:0hDphSo7vI7gCjEPpD6gu0,GIULIA BE,se essa vida fosse um filme,WM Brazil,51,51,26,177954,0hDphSo7vI7gCjEPpD6gu0,-0.296,0.008,0.992,0.0
62,63,spotify:track:7eJMfftS33KTjuF7lTsMCx,"Powfu, beabadoobee",death bed (coffee for your head),Columbia,13,54,152,171815,7eJMfftS33KTjuF7lTsMCx,0.9925,0.033,0.859,0.108
63,64,spotify:track:2PqPSf3gtTED79rWGwVtYg,Diego & Victor Hugo,Áudio - Ao Vivo em Brasília,Sony Music Entertainment,23,66,392,171130,2PqPSf3gtTED79rWGwVtYg,0.0,0.0,1.0,0.0
64,65,spotify:track:3csAhPJlNeCDnvuTdT8RQw,"Shevchenko e Elloco, MC Mari, MC 10G",Xereca de Mel,Tropa Produtora 81,57,67,39,170148,3csAhPJlNeCDnvuTdT8RQw,-0.6844,0.012,0.988,0.0
65,66,spotify:track:4Oun2ylbjFKMPTiaSbbCih,"Cardi B, Megan Thee Stallion",WAP (feat. Megan Thee Stallion),Atlantic/KSR,66,-1,1,167701,4Oun2ylbjFKMPTiaSbbCih,0.6808,0.05,0.875,0.075
66,67,spotify:track:7ytR5pFWmSjzHJIeQkgog4,"DaBaby, Roddy Ricch",ROCKSTAR (feat. Roddy Ricch),South Coast Music Group/Interscope Records,55,62,91,162025,7ytR5pFWmSjzHJIeQkgog4,-0.7983,0.088,0.861,0.051
67,68,spotify:track:5PNvgiKSwMdjBsDsgFCFLX,"Maverick Sabre, Jorja Smith, Vintage Culture, Slow Motion",Slow Down (feat. Jorja Smith) - Vintage Culture & Slow Motion Remix,Spinnin' Deep,12,68,127,159728,5PNvgiKSwMdjBsDsgFCFLX,0.863,0.054,0.872,0.074
68,69,spotify:track:187Pge0WmJNoS73kaIORSE,"Douglas & Vinicius, MC Bruninho",Figurinha - Ao Vivo,Virgin Music Label And Artist Services (S&D),65,76,22,159453,187Pge0WmJNoS73kaIORSE,-0.5267,0.038,0.962,0.0
69,70,spotify:track:0in6Rc29qdyOkhKyYw4A84,Di Propósito,Manda Áudio,Sony Music Entertainment,68,80,47,158843,0in6Rc29qdyOkhKyYw4A84,0.7564,0.02,0.943,0.037
70,71,spotify:track:0h5iRD8nlDtcn4rwbZzNgg,MC Kevinho,Te gusta,WM Brazil,60,74,63,158681,0h5iRD8nlDtcn4rwbZzNgg,0.0,0.0,1.0,0.0
71,72,spotify:track:3AV1KI22k1jGMz792lDrj1,"Os Barões Da Pisadinha, Xand Avião",Basta Você Me Ligar - Ao Vivo,Sony Music Entertainment,60,81,50,157994,3AV1KI22k1jGMz792lDrj1,0.0,0.0,1.0,0.0
72,73,spotify:track:1xQ6trAsedVPCdbtDAmk0c,"Jawsh 685, Jason Derulo",Savage Love (Laxed - Siren Beat),Columbia,62,65,47,157799,1xQ6trAsedVPCdbtDAmk0c,0.9954,0.165,0.583,0.252
73,74,spotify:track:7DmZMqXYgQ1oI3z3bGUEbi,GIULIA BE,(não) era amor,WM Brazil,40,55,123,154208,7DmZMqXYgQ1oI3z3bGUEbi,0.9964,0.0,0.848,0.152
74,75,spotify:track:0j1tGcJJfq1nIs4i5GoHXv,Luan Santana,ASAS,LS Music,15,72,55,154011,0j1tGcJJfq1nIs4i5GoHXv,0.9584,0.0,0.935,0.065
75,76,spotify:track:5fY9bVl1Wj4PIM3wnduWop,Marília Mendonça,Serenata - Ao Vivo,Som Livre,14,77,449,150010,5fY9bVl1Wj4PIM3wnduWop,0.0,0.0,1.0,0.0
76,77,spotify:track:5OzvtpasMB3aPWpfVr0PsA,Luíza & Maurílio,Pode Sumir,Som Livre,68,83,71,149684,5OzvtpasMB3aPWpfVr0PsA,-0.9999,0.021,0.974,0.005
77,78,spotify:track:017PF4Q3l4DBUiWoXk4OWT,Dua Lipa,Break My Heart,Warner Records,8,70,135,147331,017PF4Q3l4DBUiWoXk4OWT,0.9992,0.065,0.698,0.236
78,79,spotify:track:17Ryox5vWKp92IDW87C5PI,Gusttavo Lima,Quem Traiu Levou - Ao Vivo,Sony Music Entertainment,14,86,331,146507,17Ryox5vWKp92IDW87C5PI,-0.1531,0.025,0.96,0.015
79,80,spotify:track:5n8Y78Pl5q8lqS7sJP61qw,Diego & Arnaldo,Relógio Parado (Ao Vivo),Sony Music Entertainment,32,84,296,145951,5n8Y78Pl5q8lqS7sJP61qw,0.0,0.0,1.0,0.0
80,81,spotify:track:2uhBCMHwS3SATOHIgM2KPF,Zé Neto & Cristiano,Textão - Ao Vivo,Som Livre,44,89,162,145871,2uhBCMHwS3SATOHIgM2KPF,0.0,0.0,1.0,0.0
81,82,spotify:track:3vAn0qZzdyuHamcrpkfiX3,BLACKPINK,How You Like That,YG Entertainment/Interscope Records,4,71,43,143004,3vAn0qZzdyuHamcrpkfiX3,0.9938,0.016,0.85,0.134
82,83,spotify:track:7ArNH109yIfwIquJ535fsi,"Marcos & Belutti, Gaab",Certo e Duvidoso (feat. Gaab) - Ao Vivo,Sony Music Entertainment,55,90,192,142609,7ArNH109yIfwIquJ535fsi,0.9776,0.0,0.936,0.064
83,84,spotify:track:466cKvZn1j45IpxDdYZqdA,Drake,Toosie Slide,OVO,23,75,127,141251,466cKvZn1j45IpxDdYZqdA,-0.4516,0.115,0.764,0.121
84,85,spotify:track:7ju97lgwC2rKQ6wwsf9no9,"Lady Gaga, Ariana Grande",Rain On Me (with Ariana Grande),Interscope,1,73,78,140518,7ju97lgwC2rKQ6wwsf9no9,0.9986,0.037,0.867,0.095
85,86,spotify:track:4R2kfaDFhslZEMJqAFNpdd,Taylor Swift,cardigan,Taylor Swift,15,69,15,137941,4R2kfaDFhslZEMJqAFNpdd,0.9933,0.053,0.785,0.162
86,87,spotify:track:63SHcJzckFykS8faA5zojY,"MC Ingryd, DJ Henrique da VK",Vem Me Satisfazer,MC Ingryd,4,92,248,135290,63SHcJzckFykS8faA5zojY,-0.9718,0.066,0.934,0.0
87,88,spotify:track:7qEHsqek33rTcFNT9PFqLf,Lewis Capaldi,Someone You Loved,Vertigo Berlin,54,78,345,133924,7qEHsqek33rTcFNT9PFqLf,0.0,0.0,1.0,0.0
88,89,spotify:track:2rRA0VNb8RcaUMAmgWFoCL,"Yasmin Santos, Marília Mendonça",Para Pensa e Volta (feat. Marília Mendonça) - Ao Vivo,Sony Music Entertainment,19,94,407,132533,2rRA0VNb8RcaUMAmgWFoCL,0.0,0.0,1.0,0.0
89,90,spotify:track:13Rf6RaZT13TW4xLQR3MQr,"Pineapple StormTv, MC Cabelinho, Bob do Contra, Azzy, Filipe Ret, Dudu, Xamã, Orochi, Maquiny, Salve Malak, Hunter",Poesia Acústica #6: Era uma Vez,Pineapple StormTV,14,82,591,131730,13Rf6RaZT13TW4xLQR3MQr,-0.9606,0.033,0.948,0.018
90,91,spotify:track:3ZROq16fQ1o2dWEGkHPHkJ,"Yasmin Santos, Wesley Safadão",Saudade em Gotas (feat. Wesley Safadão) - Ao Vivo,Sony Music Entertainment,30,98,326,130494,3ZROq16fQ1o2dWEGkHPHkJ,0.0,0.0,1.0,0.0
91,92,spotify:track:3HXLUh9lzSrSLvrvLk2LjC,Henrique & Juliano,Se Eu Fosse Você - Ao Vivo,Virgin Music Label And Artist Services (S&D),61,96,188,130476,3HXLUh9lzSrSLvrvLk2LjC,0.0,0.0,1.0,0.0
92,93,spotify:track:2TR917wkDeRvwTE5cSfZFf,"Humberto & Ronaldo, Matheus & Kauan",Tchau Brigado - Ao Vivo,Humberto e Ronaldo,46,104,219,127800,2TR917wkDeRvwTE5cSfZFf,0.0,0.0,1.0,0.0
93,94,spotify:track:22rcaYTa2UgcLCbeO0NoNj,"Priscilla Alcantara, Whindersson Nunes",Girassol,Sony Music Entertainment,5,88,240,127718,22rcaYTa2UgcLCbeO0NoNj,0.0,0.0,1.0,0.0
94,95,spotify:track:1AfNdxHdE4OLcnQUyC6j3i,"MC JottaPê, MC Kekel, MC Kevinho",Eterna Sacanagem,KondZilla Records,19,95,295,127643,1AfNdxHdE4OLcnQUyC6j3i,0.9832,0.008,0.919,0.073
95,96,spotify:track:3rfPuNpqMHQKXIPoEF5iFB,"João Gustavo e Murilo, Atitude 67",Qual é a do amor (feat. Atitude 67) - Ao vivo,WM Brazil,78,110,36,126847,3rfPuNpqMHQKXIPoEF5iFB,0.0,0.0,1.0,0.0
96,97,spotify:track:3H7ihDc1dqLriiWXwsc2po,"Topic, A7S",Breaking Me,Virgin,83,91,50,125994,3H7ihDc1dqLriiWXwsc2po,0.9721,0.027,0.877,0.096
97,98,spotify:track:3MkdA6vwF0ifRl86yzTlJW,Matuê,Kenny G,Sony Music Entertainment,5,100,338,125646,3MkdA6vwF0ifRl86yzTlJW,0.8732,0.048,0.888,0.064
98,99,spotify:track:7Gk5OrMYaMRtT2JmgJVAfk,"ANAVITÓRIA, Vitor Kley",Pupila,Universal Music Ltda.,14,85,400,125313,7Gk5OrMYaMRtT2JmgJVAfk,-0.5349,0.007,0.993,0.0
99,100,spotify:track:5STHFaWYO1KeyITjvB4hR8,Marília Mendonça,Tentativas,Som Livre,20,99,176,124057,5STHFaWYO1KeyITjvB4hR8,0.9581,0.018,0.901,0.081
100,101,spotify:track:7J3QMuDCSv56jRSiD9jFBF,"Eric Land, Xand Avião",Cidade Inteira,Eric Land,83,97,34,123951,7J3QMuDCSv56jRSiD9jFBF,0.9943,0.0,0.84,0.16
101,102,spotify:track:5U28PY9MekLyCBYtLHGQpe,Melim,Meu Abrigo,Universal Music Ltda.,1,87,806,123074,5U28PY9MekLyCBYtLHGQpe,0.9022,0.04,0.886,0.074
102,103,spotify:track:5JsxHA8NttHWThpTCToK1J,"Salvador Da Rima, NOG, Mc Kevin, MC Ryan SP, Mc Lele JP",Vergonha pra Midia,RapRJ Music,81,93,60,122832,5JsxHA8NttHWThpTCToK1J,-0.9758,0.041,0.945,0.014
103,104,spotify:track:2ygvZOXrIeVL4xZmAWJT2C,Billie Eilish,my future,Darkroom/Interscope Records,50,79,8,121958,2ygvZOXrIeVL4xZmAWJT2C,0.9968,0.056,0.659,0.286
104,105,spotify:track:7qpXCkcr3Zj4LDvdiWryns,Diego & Victor Hugo,Erro Antigo - Ao Vivo,Sony Music Entertainment,53,118,197,119639,7qpXCkcr3Zj4LDvdiWryns,0.0,0.0,1.0,0.0
105,106,spotify:track:6nI98wtHOJAYSASq22TCYu,Luan Santana,água com açúcar - ao vivo,Som Livre,3,108,145,118430,6nI98wtHOJAYSASq22TCYu,0.9809,0.018,0.859,0.123
106,107,spotify:track:3XG1frltSxibGuYLPucxl8,Felipe Araújo,Reincidente,Universal Music Ltda.,102,114,16,117563,3XG1frltSxibGuYLPucxl8,0.0,0.0,1.0,0.0
107,108,spotify:track:72xB2J9ZeBl0Rzxq2XmzdY,"João Gustavo e Murilo, Analaga",Lençol Dobrado,WM Brazil,2,107,642,117487,72xB2J9ZeBl0Rzxq2XmzdY,0.0,0.0,1.0,0.0
108,109,spotify:track:15kdyHRNcHSCTRjvHvmqrs,"LUDMILLA, DJ Will22",Cobra Venenosa (feat. DJ Will22),WM Brazil,37,112,36,116752,15kdyHRNcHSCTRjvHvmqrs,-0.784,0.063,0.914,0.023
109,110,spotify:track:3tu0GkIZwwkmILoD4HemBq,Raí Saia Rodada,Bebe e Vem Me Procurar,Som Livre,36,111,420,116558,3tu0GkIZwwkmILoD4HemBq,0.8807,0.04,0.887,0.073
110,111,spotify:track:5JKaHAt4atuNoLqpyDgbyK,"Pineapple StormTv, Froid, Xamã, Dk 47, Chris MC, Cynthia Luz, Luccas Carlos, Hunter",Poesia Acústica - Paris,Pineapple StormTV,68,101,141,116026,5JKaHAt4atuNoLqpyDgbyK,0.9917,0.006,0.947,0.047
111,112,spotify:track:6QwFUcPc5nhsqZuhXUYtV7,Jorge & Mateus,Tijolão - Ao Vivo,Som Livre,1,116,442,114596,6QwFUcPc5nhsqZuhXUYtV7,0.0,0.0,1.0,0.0
112,113,spotify:track:5MArTXEVyKBwoodjdy04fk,"Zé Felipe, Gusttavo Lima",Tiro Certo - Ao Vivo,Som Livre,14,124,421,113838,5MArTXEVyKBwoodjdy04fk,0.9081,0.0,0.954,0.046
113,114,spotify:track:7M6D0ACikinC39ZtuEwMPo,"Dayvi, Victor Cardenas, Rennan da Penha, Kelly Ruíz",Baila Comigo (feat. Kelly Ruiz) - Rennan da Penha Remix,Sony Music Entertainment,73,126,94,113733,7M6D0ACikinC39ZtuEwMPo,0.0,0.0,1.0,0.0
114,115,spotify:track:1U3tv41tFRgOfbytpuYQrR,Zé Neto & Cristiano,Ferida Curada,Som Livre,4,120,386,113373,1U3tv41tFRgOfbytpuYQrR,0.9682,0.0,0.91,0.09
115,116,spotify:track:6wDzwmywQ2X8O0FN1IQGol,Os Barões Da Pisadinha,Cabeça Voando,Sony Music Entertainment,85,145,53,112770,6wDzwmywQ2X8O0FN1IQGol,-0.7783,0.075,0.925,0.0
116,117,spotify:track:6v3KW9xbzN5yKLt9YKDYA2,"Shawn Mendes, Camila Cabello",Señorita,Island Records,2,106,414,112501,6v3KW9xbzN5yKLt9YKDYA2,0.9988,0.033,0.724,0.244
117,118,spotify:track:3jjujdWJ72nww5eGnfs2E7,Harry Styles,Adore You,Columbia,49,103,242,111482,3jjujdWJ72nww5eGnfs2E7,0.9939,0.049,0.799,0.152
118,119,spotify:track:62aP9fBQKYKxi7PDXwcUAS,"Surf Mesa, Emilee",ily (i love you baby) (feat. Emilee),Astralwerks,65,102,89,111354,62aP9fBQKYKxi7PDXwcUAS,0.9784,0.079,0.78,0.141
119,120,spotify:track:0v8OKUrqZGoEbgEUXScRSQ,"Alok, THRDL!FE",Hear Me Tonight,Columbia/B1 Recordings,55,115,101,111005,0v8OKUrqZGoEbgEUXScRSQ,0.9952,0.0,0.796,0.204
120,121,spotify:track:1MmS7UIy3J1BTxfGCRvVqN,Gusttavo Lima,Carreira Solo - Ao Vivo,Sony Music Entertainment,21,136,281,110274,1MmS7UIy3J1BTxfGCRvVqN,0.0,0.0,1.0,0.0
121,122,spotify:track:6YClJMtJDyyJ2iaUf5npyC,MC Kevin o Chris,Pode Jogar,Som Livre,97,130,57,110007,6YClJMtJDyyJ2iaUf5npyC,0.0,0.0,1.0,0.0
122,123,spotify:track:3fLqmaO4vvZpFZSZy52VMp,"Lagum, Ana Gabriela",Deixa (feat. Ana Gabriela),Sony Music Entertainment,20,105,792,108676,3fLqmaO4vvZpFZSZy52VMp,0.9933,0.053,0.765,0.182
123,124,spotify:track:3Uq45ipGutypFPmETfaoaH,"MC Du Black, DJ 2F",Gaiola É o Troco,EP MIX Editora,1,128,376,107715,3Uq45ipGutypFPmETfaoaH,0.9581,0.0,0.954,0.046
124,125,spotify:track:3YqLyRFwjGuPBT7EHoyQH7,"Pk, Luísa Sonza",Tudo de bom,WM Brazil,52,117,193,107660,3YqLyRFwjGuPBT7EHoyQH7,0.0,0.0,1.0,0.0
125,126,spotify:track:7N0Py2msno86enR6JPNlpV,Turma do Pagode,Muito Cedo,Sony Music Entertainment,100,139,177,106861,7N0Py2msno86enR6JPNlpV,0.0,0.0,1.0,0.0
126,127,spotify:track:1qCLx3nX25NuhfPjM5E1qV,Melim,Ouvi Dizer,Universal Music Ltda.,10,109,749,106287,1qCLx3nX25NuhfPjM5E1qV,0.4939,0.0,0.985,0.015
127,128,spotify:track:7CHi4DtfK4heMlQaudCuHK,"MEDUZA, Becky Hill, Goodboys",Lose Control,Virgin,53,119,246,105673,7CHi4DtfK4heMlQaudCuHK,0.9626,0.137,0.714,0.149
128,129,spotify:track:5aayWOEE7u7bxZ3r7dwIrX,IZA,Meu talismã,WM Brazil,75,113,322,105223,5aayWOEE7u7bxZ3r7dwIrX,0.9274,0.013,0.938,0.049
129,130,spotify:track:0BVRi6cizWdDrLRmKI0qsw,Os Barões Da Pisadinha,Chupadinha,Sony Music Entertainment,77,161,80,104545,0BVRi6cizWdDrLRmKI0qsw,-0.1531,0.049,0.921,0.03
130,131,spotify:track:14kRWkCWBYfQqILflEcpSJ,"Lexa, PEDRO SAMPAIO",Chama Ela (feat. Pedro Sampaio),Som Livre,5,134,318,103260,14kRWkCWBYfQqILflEcpSJ,-0.8593,0.038,0.962,0.0
131,132,spotify:track:4cno0k9jDEFpLAQyHNjqVx,"Anitta, Arcangel, De La Ghetto",Tócame (feat. Arcangel & De La Ghetto),Warner Records,3,121,29,103195,4cno0k9jDEFpLAQyHNjqVx,0.9552,0.061,0.846,0.093
132,133,spotify:track:1qy7aOHnfnOMJoT1fhoLYG,"Marília Mendonça, Gaab",Intenção - Ao Vivo,Som Livre,37,133,358,103076,1qy7aOHnfnOMJoT1fhoLYG,0.9631,0.01,0.94,0.05
133,134,spotify:track:32qETd0e2eKMs2BiMocPc0,Simone & Simaria,Amoreco,"UMG Recordings, Inc.",8,151,176,102975,32qETd0e2eKMs2BiMocPc0,-0.6776,0.043,0.957,0.0
134,135,spotify:track:5J4tK2FbXQEeC0AsfFgwpz,Yasmin Santos,Cuidado Que Eu Te Supero,Sony Music Entertainment,135,169,2,102652,5J4tK2FbXQEeC0AsfFgwpz,0.9517,0.035,0.887,0.077
135,136,spotify:track:0EhpEsp4L0oRGM0vmeaN5e,"J Balvin, Dua Lipa, Bad Bunny, Tainy",UN DIA (ONE DAY) (Feat. Tainy),Universal Music Latino/ NEON16,110,131,13,102585,0EhpEsp4L0oRGM0vmeaN5e,0.9701,0.063,0.818,0.118
136,137,spotify:track:11YmUhvzX9My9Ey0gz2kRq,Dilsinho,Misturados - Ao Vivo,Sony Music Entertainment,137,-1,1,101282,11YmUhvzX9My9Ey0gz2kRq,0.0,0.0,0.0,0.0
137,138,spotify:track:2bPtwnrpFNEe8N7Q85kLHw,"Anitta, Lexa, Luísa Sonza, Rebecca",Combatchy (feat. MC Rebecca),WM Brazil,1,125,262,101079,2bPtwnrpFNEe8N7Q85kLHw,-0.9637,0.061,0.939,0.0
138,139,spotify:track:5q0NlM6Pm8Pp3orq7zGiRn,"Matheus & Kauan, Jorge & Mateus",Quarta Cadeira - Ao Vivo,Universal Music Ltda.,9,150,505,100858,5q0NlM6Pm8Pp3orq7zGiRn,0.0,0.0,1.0,0.0
139,140,spotify:track:0N2cvvlyEw5NFc00E3FB0D,"Dj Guuga, Mc Pierre",Cabaré,GR6 Music,98,157,58,99817,0N2cvvlyEw5NFc00E3FB0D,0.958,0.012,0.928,0.06
140,141,spotify:track:6toDZSoqG5QUitFsoxavRy,"Vitão, Anitta",Complicado,Universal Music Ltda.,8,122,307,98903,6toDZSoqG5QUitFsoxavRy,0.9446,0.009,0.94,0.05
141,142,spotify:track:3GDnVUfriizmbSEOLieKP8,"Marília Mendonça, Maiara & Maraisa",10 de Setembro,Som Livre,74,127,15,98890,3GDnVUfriizmbSEOLieKP8,0.0,0.0,1.0,0.0
142,143,spotify:track:37hCsK2djczyRGWMjqzbxD,"Mc Lele JP, MC Neguinho do Kaxeta",Sou Vitorioso,GR6 Music,87,153,185,98568,37hCsK2djczyRGWMjqzbxD,0.1798,0.034,0.931,0.036
143,144,spotify:track:7sYAS4CpbV90oSemgaEQat,"Alok, Dynoro",On & On,Columbia/B1 Recordings,51,132,259,98561,7sYAS4CpbV90oSemgaEQat,0.9986,0.018,0.712,0.271
144,145,spotify:track:25usEf5iGk9HL0LM9VTxue,"Jovem Dionisio, Vintage Culture, Future Class",Pontos de Exclamação - Vintage Culture & Future Class Remix,Sony Music Entertainment,55,149,55,98106,25usEf5iGk9HL0LM9VTxue,0.7717,0.0,0.955,0.045
145,146,spotify:track:2qD7VoDYcrAPY0cVEfpsR5,"Anitta, Marília Mendonça",Some que ele vem atrás,WM Brazil,2,135,283,97513,2qD7VoDYcrAPY0cVEfpsR5,0.0,0.0,1.0,0.0
146,147,spotify:track:59WWulo1LM0njpIkcduCMn,Atitude 67,Tão Linda,Universal Music Ltda.,35,129,363,96707,59WWulo1LM0njpIkcduCMn,0.0,0.0,1.0,0.0
147,148,spotify:track:4E6RdcCWMiHTu7zy1VTNDo,Marília Mendonça,Todo Mundo Vai Sofrer - Ao Vivo,Som Livre,1,155,449,96299,4E6RdcCWMiHTu7zy1VTNDo,0.0,0.0,1.0,0.0
148,149,spotify:track:0pqnGHJpmpxLKifKRmU6WP,Imagine Dragons,Believer,Kid Ina Korner / Interscope,30,123,1281,96113,0pqnGHJpmpxLKifKRmU6WP,-0.9939,0.163,0.783,0.055
149,150,spotify:track:2RoWhAVtQrPU53BERYlmYZ,"Pineapple StormTv, Cesar Mc, Elana Dara, Kayuá, Froid, Cynthia Luz, MV Bill, Bob do Contra, Hunter, Projota",Poesia Acústica #8: Amor e Samba,Pineapple StormTV,35,141,218,96048,2RoWhAVtQrPU53BERYlmYZ,0.6476,0.0,0.977,0.023
150,151,spotify:track:3RbXsVQr4jeTxvT35Hssq3,Marília Mendonça,Bebi Liguei - Ao Vivo,Som Livre,2,160,599,95969,3RbXsVQr4jeTxvT35Hssq3,-0.8402,0.043,0.957,0.0
151,152,spotify:track:6gBFPUFcJLzWGx4lenP6h2,Travis Scott,goosebumps,Epic/Grand Hustle,32,137,159,95528,6gBFPUFcJLzWGx4lenP6h2,0.0,0.0,1.0,0.0
152,153,spotify:track:7vpGKEUPrA4UEsS4o4W1tP,Pabllo Vittar,Amor de Que,Sony Music Entertainment,10,143,281,95231,7vpGKEUPrA4UEsS4o4W1tP,0.995,0.032,0.792,0.176
153,154,spotify:track:0mpqoslgBvHcnbNZhK8wBO,Grupo Menos É Mais,Fatalmente / Separação / Temporal - Ao Vivo,Som Livre,115,186,25,95212,0mpqoslgBvHcnbNZhK8wBO,-0.9998,0.013,0.981,0.006
154,155,spotify:track:7FikD4RFpmSZIvoP3rRwsS,L7NNON,Perdição,WM Brazil,114,140,81,93939,7FikD4RFpmSZIvoP3rRwsS,0.9028,0.026,0.931,0.043
155,156,spotify:track:5dKesZwp6deuhEeW8F1UEi,"Felipe Original, MC Kevin o Chris, Sodré, JS o Mão de Ouro",Hit Contagiante,Tudo Nosso Produtora,1,166,375,93885,5dKesZwp6deuhEeW8F1UEi,-0.9337,0.105,0.847,0.048
156,157,spotify:track:4koUrXFuoId1b6wrMF3laS,Mc Dricka,E Nós Tem um Charme Que É da Hora,Novo Império,132,167,22,93757,4koUrXFuoId1b6wrMF3laS,-0.5267,0.013,0.987,0.0
157,158,spotify:track:2b8fOow8UzyDFAE27YhOZM,Maroon 5,Memories,Interscope Records*,78,142,296,93596,2b8fOow8UzyDFAE27YhOZM,0.9833,0.095,0.745,0.16
158,159,spotify:track:2PaOWQIEkSFkmONCv1Vgui,Melim,Eu Feat. Você,Universal Music Ltda.,120,148,31,93004,2PaOWQIEkSFkmONCv1Vgui,0.8625,0.037,0.896,0.067
159,160,spotify:track:1EQ8sBQ7Abv9DvNBzhXAcv,"Nando Reis, Ana Cañas",Pra Você Guardei O Amor,Universal Music Ltda.,104,146,641,92163,1EQ8sBQ7Abv9DvNBzhXAcv,0.9859,0.031,0.874,0.095
160,161,spotify:track:2FGhB10Gon36GgFcOTMQEW,"Pineapple StormTv, MC Hariel, Negra Li, Ducon, MC Kevin o Chris, Chris MC, Matuê, Dk 47, Vitão, Salve Malak, Hunter",Poesia Acústica #7: Céu Azul,Pineapple StormTV,21,163,378,92117,2FGhB10Gon36GgFcOTMQEW,0.0,0.0,1.0,0.0
161,162,spotify:track:3h3fui1QXImL2zRcs9v2Lc,"Casa Worship, Julliany Souza, Léo Brandão",A Casa É Sua,A Casa É Sua,93,138,263,91569,3h3fui1QXImL2zRcs9v2Lc,0.0,0.0,1.0,0.0
162,163,spotify:track:5MMrkwK6AgNAsgHVdC7daZ,Dilsinho,Péssimo Negócio (Ao Vivo),Sony Music Entertainment,14,168,630,91489,5MMrkwK6AgNAsgHVdC7daZ,0.0,0.0,1.0,0.0
163,164,spotify:track:4HBZA5flZLE435QTztThqH,"Ariana Grande, Justin Bieber",Stuck with U (with Justin Bieber),"Ariana Grande & Justin Bieber ""Stuck With U""- Charity",15,152,88,91192,4HBZA5flZLE435QTztThqH,-0.9952,0.197,0.726,0.078
164,165,spotify:track:0H8CBal2Dcu5Yc001VotZN,IZA,Dona de mim,WM Brazil,23,154,644,91089,0H8CBal2Dcu5Yc001VotZN,0.0,0.0,1.0,0.0
165,166,spotify:track:1xyVMQx51Kab6eLVtE6twx,"Lauana Prado, Maiara & Maraisa",Cobaia,Universal Music Ltda.,6,181,721,90757,1xyVMQx51Kab6eLVtE6twx,0.9413,0.007,0.939,0.053
166,167,spotify:track:0nbXyq5TXYPCO7pr3N8S4I,Roddy Ricch,The Box,Atlantic Records,26,144,209,90688,0nbXyq5TXYPCO7pr3N8S4I,-0.9883,0.118,0.814,0.068
167,168,spotify:track:2DsZ6pXK1AG6emFugTeYW3,Melim,Gelo,"UMG Recordings, Inc.",31,172,350,89981,2DsZ6pXK1AG6emFugTeYW3,0.8738,0.0,0.974,0.026
168,169,spotify:track:6iW38RGqdDGOofmz2HeXLW,"MEDUZA, Alok, Goodboys",Piece Of Your Heart - Alok Remix,Virgin,69,158,394,89812,6iW38RGqdDGOofmz2HeXLW,0.9868,0.004,0.894,0.103
169,170,spotify:track:1dKYlw6v9wofuqb7EXSvPn,"DENNIS, Cantini",Isso Que é Vida,Sony Music Entertainment,136,170,127,89660,1dKYlw6v9wofuqb7EXSvPn,-0.929,0.026,0.97,0.004
170,171,spotify:track:4aajF8YX6i8guXdLaW82eS,"Thiago Brava, Os Barões Da Pisadinha",Já que me ensinou a beber,WM Brazil,118,178,27,89488,4aajF8YX6i8guXdLaW82eS,0.0,0.0,1.0,0.0
171,172,spotify:track:0hVXuCcriWRGvwMV1r5Yn9,"Ed Sheeran, Justin Bieber",I Don't Care (with Justin Bieber),Atlantic Records UK,2,159,444,89407,0hVXuCcriWRGvwMV1r5Yn9,0.9177,0.094,0.798,0.108
172,173,spotify:track:1NFRjwcyR91yN0cLRm8263,Wesley Safadão,Vai Lá,Som Livre,101,182,49,89342,1NFRjwcyR91yN0cLRm8263,-0.3382,0.019,0.966,0.014
173,174,spotify:track:1fWITNjgwmKEonjikQUaa1,MC Kevinho,Avançada,WM Brazil,174,-1,1,88290,1fWITNjgwmKEonjikQUaa1,0.0,0.0,1.0,0.0
174,175,spotify:track:1K7WzjKDcDdVbKNGrB0gej,"Major Lazer, MC Lan, Anitta, BEAM",Rave de Favela (feat. BEAM),WM Brazil,2,188,175,88202,1K7WzjKDcDdVbKNGrB0gej,-0.9959,0.211,0.724,0.065
175,176,spotify:track:31yFXM26dazFnWI2eoOM5R,"MC G15, Mc Livinho",Ela Vem,GR6 Music,21,192,396,88199,31yFXM26dazFnWI2eoOM5R,-0.8299,0.032,0.968,0.0
176,177,spotify:track:65i9Mc7h1CG7ssI1OhMPcT,Dilsinho,Onze e Pouquinho,Sony Music Entertainment,107,165,288,87246,65i9Mc7h1CG7ssI1OhMPcT,0.6808,0.015,0.957,0.028
177,178,spotify:track:0ItBgjbN1F82yX73rwTIg0,"MC Paulin da Capital, Mc Lipi",Mulher Cativante,Love Funk,169,174,14,87016,0ItBgjbN1F82yX73rwTIg0,-0.8957,0.097,0.872,0.031
178,179,spotify:track:6l1PdE7lQbodewVQh16GCM,"Projota, Vitão",Sei Lá,Universal Music Ltda.,23,156,463,85786,6l1PdE7lQbodewVQh16GCM,0.0,0.0,1.0,0.0
179,180,spotify:track:3IJYUaN3tx04S4TYyZHKoP,StaySolidRocky,Party Girl,Columbia,83,162,47,85718,3IJYUaN3tx04S4TYyZHKoP,0.9989,0.069,0.661,0.27
180,181,spotify:track:7MnT7msJZg3XBAS0OTfGrB,Legião Urbana,Tempo Perdido,EMI Brazil,143,164,182,84667,7MnT7msJZg3XBAS0OTfGrB,0.0,0.0,1.0,0.0
181,182,spotify:track:4pvb0WLRcMtbPGmtejJJ6y,"Taylor Swift, Bon Iver",exile (feat. Bon Iver),Taylor Swift,28,147,15,84314,4pvb0WLRcMtbPGmtejJJ6y,0.9969,0.041,0.664,0.295
182,183,spotify:track:6mnySl4xEnPy0ZBBWSAHc9,Henrique & Juliano,Não Gosto Eu Amo - Ao Vivo,Virgin Music Label And Artist Services (S&D),53,-1,137,84262,6mnySl4xEnPy0ZBBWSAHc9,-0.5267,0.017,0.983,0.0
183,184,spotify:track:3COVZV6VRP4sdXiWTB1XTM,"Grupo Menos É Mais, Di Propósito, Vou Zuar",Pot-Pourri: Tempo de Aprender / Energia Surreal / Não Pedi Pra Me Apaixonar / Deixa Acontecer - Ao Vivo,Som Livre,141,-1,11,84082,3COVZV6VRP4sdXiWTB1XTM,0.0,0.0,1.0,0.0
184,185,spotify:track:3VQF7gLCASQQ3lQkOnFBhz,"Mila, MC JottaPê",O Amor Que Tu Perdeu,KondZilla,61,-1,98,84066,3VQF7gLCASQQ3lQkOnFBhz,0.5042,0.019,0.961,0.02
185,186,spotify:track:7AhIaMofrzYgVn4k0zWDMB,"MC Kevin o Chris, Ferrugem",Romance Proibido,Som Livre,184,194,5,83961,7AhIaMofrzYgVn4k0zWDMB,0.9001,0.02,0.916,0.065
186,187,spotify:track:0CgMeXQiNYJxPVQ2EMJxdL,"Mc Livinho, Mc Pedrinho",Se Prepara 2,GR6 Music,31,-1,271,82940,0CgMeXQiNYJxPVQ2EMJxdL,0.0,0.0,1.0,0.0
187,188,spotify:track:330oIFOtslgdc4TBVApQuY,"MC Du Black, Jully",50 Tons,Universal Music Ltda.,95,-1,88,82906,330oIFOtslgdc4TBVApQuY,-0.6103,0.014,0.986,0.0
188,189,spotify:track:15DHt4fP4FARWLvWkIxdAx,"Vou pro Sereno, LUDMILLA",Teu Segredo - Ao Vivo,Sony Music Entertainment,72,-1,247,82488,15DHt4fP4FARWLvWkIxdAx,0.8002,0.02,0.951,0.029
189,190,spotify:track:1CBjYXLotHrkiykMbI7EaU,"BIN, Mainstreet, Mãolee",Marília Mendonça,Mainstreet Records,161,173,9,82368,1CBjYXLotHrkiykMbI7EaU,0.9912,0.086,0.813,0.101
190,191,spotify:track:36P6ptTyxOggYgR2aoZiAl,"Diego & Victor Hugo, Raí Saia Rodada",Pisadinha - Ao Vivo,Sony Music Entertainment,127,-1,43,82311,36P6ptTyxOggYgR2aoZiAl,0.0,0.007,0.985,0.007
191,192,spotify:track:6hqJJY6rwAUS2zl9FsCQQH,Dilsinho,Deixa pra Amanhã - Ao Vivo,Sony Music Entertainment,53,-1,87,82100,6hqJJY6rwAUS2zl9FsCQQH,0.4215,0.016,0.956,0.028
192,193,spotify:track:21jGcNKet2qwijlDFuPiPb,Post Malone,Circles,Republic Records,32,175,340,81641,21jGcNKet2qwijlDFuPiPb,0.9686,0.041,0.858,0.1
193,194,spotify:track:7McCAKExE8KsI2q4Y8wx4U,"Murilo Huff, Marília Mendonça",Dois Enganados,Artinvox,41,187,433,81198,7McCAKExE8KsI2q4Y8wx4U,0.8225,0.017,0.937,0.046
194,195,spotify:track:2VxeLyX666F8uXCJ0dZF8B,"Lady Gaga, Bradley Cooper",Shallow,A Star is Born OST,2,177,639,81127,2VxeLyX666F8uXCJ0dZF8B,0.0,0.0,1.0,0.0
195,196,spotify:track:7qiZfU4dY1lWllzX7mPBI3,Ed Sheeran,Shape of You,Atlantic Records UK,1,179,1140,80810,7qiZfU4dY1lWllzX7mPBI3,0.0,0.0,1.0,0.0
196,197,spotify:track:1IGARc5YhGUSomhIk9DRDI,Diego & Arnaldo,Decisão Errada - Ao Vivo,Sony Music Entertainment,99,-1,82,80774,1IGARc5YhGUSomhIk9DRDI,0.0,0.0,1.0,0.0
197,198,spotify:track:7k4t7uLgtOxPwTpFmtJNTY,"KAROL G, Nicki Minaj",Tusa,TUSA - Karol G & Nicki Minaj,38,191,213,80741,7k4t7uLgtOxPwTpFmtJNTY,-0.8339,0.053,0.908,0.04
198,199,spotify:track:1sCn4E8TSAc0NGtJNyfhap,"Marília Mendonça, Maiara & Maraisa",Coração Bandido,Som Livre,165,-1,8,80729,1sCn4E8TSAc0NGtJNyfhap,0.9325,0.017,0.916,0.067
199,200,spotify:track:6sRLrSetyIwIKhW1eMlUNP,"Matheus & Kauan, Marília Mendonça",Vou Ter Que Superar - Ao Vivo,Universal Music Ltda.,2,197,497,80725,6sRLrSetyIwIKhW1eMlUNP,0.9304,0.0,0.962,0.038
